job,count
Projektmanager,1360
Monteur,1273
Pflegefachperson,1190
Programmierer,1025
Servicetechniker,958
Systemingenieur,926
Verkäufer,925
Schreiner,865
Mechaniker,862
Assistent,777
Verkaufsberater,762
Elektriker,745
Elektroinstallateur,729
Logistiker,589
Projektleiter,586
Kundenberater,575
Automatiker,557
Berater,520
Techniker,476
Verkaufsleiter,472
Gesundheitsfachfrau/Gesundheitsfachmann,468
Konstrukteur,464
Sachbearbeiter,457
Zimmermann,449
IT-Supporter,440
Pflegefachfrau/Pflegefachmann,437
Koch,437
Pflegefachmann,391
Verkäuferin/Verkäufer,381
Verkaufsmitarbeiter,376
Personalberater,362
Architekt,356
Teamleiter,338
Arzt,330
Leiter,329
Praktikant,320
Immobilienverwalter,317
Einkäufer,312
Polymechaniker,303
Sanitärinstallateur,301
Ingenieur,296
Elektroniker,290
Metallbauer,289
Produktionsmitarbeiter,284
Dachdecker,278
Maler,267
Gärtner,251
Pflegehelfer,249
Mitarbeiter,244
Lackierer,233
Heizungsinstallateur,231
Anlagenbauer,225
Maurer,225
Personalverantwortlicher,217
none,207
Entwickler,201
Kundendienstmitarbeiter,200
Pflegefachfrau,200
Verkaufsassistent,195
Bauleiter,195
Schlosser,194
Chauffeur,192
Personalmitarbeiter,190
Verkaufskraft,188
Systemadministrator,177
Produktionsmechaniker,175
Gipser,171
Zeichner,167
Elektromonteur,165
Qualitätsmanager,158
Verwaltungskraft,158
Entwicklungsingenieur,156
Kaufmann,155
Bauingenieur,155
Fahrer,153
Produktmanager,150
Pflegeassistent,146
Pflegefachmann/Pflegefachfrau,143
Lehrer,143
Pfleger,141
Elektrotechniker,140
Elektroplaner,137
Praxisassistent,136
Mécanicien,136
Reinigungskraft,135
Technischer Sachbearbeiter,133
Leitung,129
Landschaftsgärtner,129
Geschäftsführer,128
Produktionsleiter,126
Gerüstbauer,126
Buchhalter,125
Anlagenführer,125
Mechatroniker,124
Einkaufsberater,124
Rezeptionist,121
Abteilungsleiter,121
Kellner,119
Straßenbauer,117
Schweisser,112
Lagermitarbeiter,110
Projektchef,110
Anwendungsmanager,109
Metzger,109
Informatiker,107
Plattenleger,107
Planer,105
Praxisassistentin,103
Infirmier,102
Controller,102
Laborant,101
Gesundheitsfachfrau,100
Küchenchef,100
Bauarbeiter,100
Disponent,99
Software-Entwickler,98
Gesundheitsfachperson,96
Experte,96
Apotheker,96
Sekretär,93
Automobilmechaniker,93
Vertriebsmitarbeiter,93
Systemtechniker,92
Elektroingenieur,91
Verkäuferin,91
Wartungstechniker,90
Arbeiter,89
Hauswart,89
Bodenleger,89
Köchin/Koch,89
Radiologe,87
Automobilfachmann,87
Filialleiter,85
Personalreferent,85
Lagerarbeiter,84
Betriebsmitarbeiter,80
Produktionsplaner,80
Bauführer,80
Gesundheitsfachmann/Frau,77
Schaler,76
Berufsbildner,76
Assistentin,75
IT-Spezialist,74
Instandhaltungstechniker,73
Fachperson,72
Bäcker,71
Kranführer,71
Pflegeexperte,70
Facharbeiter,68
Qualitätskontrolleur,68
Kassierer,68
Servicemitarbeiter,68
Automationsingenieur,67
IT-Techniker,67
Physiotherapeut,67
Aussendienstmitarbeiter,66
Dreher,66
Fachfrau/Fachmann,65
Qualitätsingenieur,65
Pflegedirektor,64
Prozessingenieur,64
Werkstattleiter,62
Chefarzt,62
Verkaufsingenieur,62
Automobilmechatroniker,61
Immobilienfachmann,61
Abdichter,61
Jurist,60
Rayonleiter,60
Sicherheitsingenieur,59
Kundenservice-Mitarbeiter,58
Fachkraft,57
Psychologe,57
Koordinator,56
Wissenschaftler,56
Service-Techniker,56
Logistikmitarbeiter,56
Reifenpraktiker,56
Produktverantwortlicher,56
Installateur,55
Maschinenführer,55
Sozialpädagoge,54
Automechaniker,54
Netzwerktechniker,54
Kundenbetreuer,53
Personalassistent,53
Technischer Berater,52
Rechnungsbuchhalter,51
HR-Spezialist,51
Spezialist,51
IT-Manager,51
Automobiltechniker,49
DevOps-Engineer,49
Bauspengler,49
Supporter,47
Betreuer,47
Sozialarbeiter,47
Rechnungsbearbeiter,47
Automationstechniker,46
Kundendienstberater,46
Systemgastronomiefachfrau,46
Kaufmann/Kauffrau,46
Messtechniker,46
Fachangestellte,46
Arztsekretär,46
Sicherheitsberater,46
Montageleiter,46
CNC-Mechaniker,45
Lüftungsinstallateur,45
Anwendungstechniker,45
Restaurantleiter,45
Vorarbeiter,44
Instandhalter,44
System-Spezialist,44
Recruiter,44
Bediener,44
Polier,44
Krankenpfleger,44
Ergotherapeut,44
Technischer Mitarbeiter,43
HR-Berater,43
Kochleiter,43
Pflegedienstleiter,43
Fassadenisoleur,43
Sicherheitsexperte,43
Karosseriebauer,43
Pflegefachmann/Pflegefrau,42
Kundenserviceberater,42
Fachangestellter,42
Sicherheitsmitarbeiter,42
Qualitätsprüfer,41
Business Analyst,41
Solarfachmann,41
Netzwerk-Ingenieur,41
Projektmitarbeiter,40
Fräser,40
Fachfrau/Fachmann Gesundheit,40
Gruppenleiter,40
Maschinist,40
Kochassistent,39
Betriebsmechaniker,39
Holzbauarbeiter,39
Hilfsarbeiter,39
Cloud-Ingenieur,39
Fachmann,39
Einkaufsleiter,39
Heizungsmonteur,39
Analytiker,38
Analyst,38
Software-Ingenieur,38
Machinist,38
Betriebsleiter,38
Ärztin/Aerzt,38
Pflegefachman,37
Vertriebsleiter,37
Maschinenbauingenieur,37
Maschineningenieur,36
Business-Analyst,36
Technischer Verkäufer,36
Chemiker,36
Gesundheitsfachmann,35
Gebäudetechniker,35
Kunststofftechnologe,35
Erzieher,35
Assistenzarzt,35
Anlageführer,35
Landtechniker,35
Student,35
Sanitärmonteur,35
Personalverwaltung,35
Crewmitarbeiter,34
Fachperson Gesundheit,34
Webentwickler,34
Cloud-Engineer,33
Bauverantwortlicher,33
Architektin,33
Schweißer,33
Marketingmitarbeiter,33
Psychotherapeut,33
Kellner/Kellnerin,33
Schichtleiter,32
Werkzeugmacher,32
Fachberater,32
Ladenleiter,31
Gartenarbeiter,31
Maschinentechniker,31
Projektverantwortlicher,31
Sanitärtechniker,30
SAP-Experte,30
Assistenzärztin/Assistenzarzt,29
Fachexperte,29
Marketing-Spezialist,29
Einkaufsmitarbeiter,29
Sachbearbeiterin,29
Lehrstelle,29
Büromanager,29
Supportmitarbeiter,29
Sekretärin,29
Sozialpädagogin/Sozialpädagoge,29
Exportmitarbeiter,28
Logistikexperte,28
Technischer Leiter,28
Produktentwickler,28
Köchin,28
Redakteur,28
Manager,28
Zolldeklarant,27
Heizungstechniker,27
Testmanager,27
FAGE,27
Büroangestellter,27
Trainee,27
Lkw-Fahrer,27
Köch,27
HR-Experte,27
Personalverantwortliche,26
CNC-Operateur,26
Test-Engineer,26
Technischer Kaufmann,26
Daten-Ingenieur,26
Projektassistent,26
Anästhesiepflegerin,26
Immobilienmakler,25
Elektromechaniker,25
Pflegedirektorin,25
Technischer Vertriebsmitarbeiter,25
Lokführer,25
Kundensupporter,25
Möbelschreiner,25
Facharzt,25
Kommissionär,25
Diagnosefachmann,25
Friseur,25
Elektrokonstrukteur,25
Hilfskraft,25
Automatisierer,25
Staplerfahrer,24
Maschinenschlosser,24
Support-Techniker,24
Diagnostiker,24
Kalkulator,24
Assistenz,24
IT-Leiter,24
Netzwerk-Spezialist,24
Verkaufsassistentin,23
Produktionstechniker,23
Rechtsanwalt,23
Marketing-Manager,23
Werkstattmitarbeiter,23
Uhrenmacher,23
Einrichter,23
Systemexperte,22
Designer,22
Reiniger,22
Wirtschaftsinformatiker,22
Bauzeichner,22
Konstruktionsingenieur,22
Forschungsassistent,22
IT-Experte,22
Empfangsmitarbeiter,22
Serviceberater,22
Standortleiter,22
Pflegehelferin,22
CNC-Maschinist,22
Psychiater,21
IT-Fachmann,21
Baumaschinenfahrer,21
Stagiaire,21
Modeberater,21
Betreuungskraft,21
HR-Assistent,21
Oberarzt,21
Technikleiter,21
Anwendungsentwickler,21
Facility Manager,20
Handwerker,20
Trockner,20
Anästhesist,20
Softwareentwickler,20
Logistikleiter,20
Lehrling,20
Direktionsassistent,20
Verkaufsrepräsentant,19
Kundenservice-Spezialist,19
Rettungssanitäter,19
Immobilienverwalterin,19
Kardiologe,19
Wohnbereichsleiter,19
Ferblantier,19
Küchenleiter,19
Augenoptiker,19
Feldtechniker,19
Hauswirtschaftler,19
Netzsicherheitsingenieur,19
Sicherheitsanalyst,18
Anwaltsassistent,18
Lastwagenmechaniker,18
Lagerist,18
Zusteller,18
Montagetechniker,18
Pflegerin/Pfleger,18
Verwaltungshelfer,18
Maschinenmechaniker,18
Sozialpädagogin,17
Projektplaner,17
Allrounder,17
Notfallpfleger,17
Service-Mitarbeiter,17
Verwaltungschef,17
Arbeitsplatz-Ingenieur,17
Nachtwache,17
Fahrzeugschlosser,17
IT-Architekt,17
Technischer Supporter,17
Lebensmitteltechnologe,17
Transportdisponent,17
Krankenpflegerin/Krankenpfleger,17
Dispositionist,17
Maschinenbediener,17
Projekt-Ingenieur,16
Rohrschlosser,16
Kfz-Mechaniker,16
Qualitätsassistent,16
Kundendienstleiter,16
Kontroller,16
Test-Ingenieur,16
Landmaschinenmechaniker,16
Aushilfskraft,16
Direktor,16
Fachärztin/Facharzt,16
Pflegehilfe,16
Prozessfachmann,16
Restaurationsfachmann,16
Fertigungsmitarbeiter,16
Hebamme,16
Wohngruppenleiter,16
Projektcontroller,16
LKW-Fahrer,16
Leiterin,16
Arztsekretärin,16
Fahrzeugaufbereiter,16
Kommunikationsmanager,15
Anwendungsbetreuer,15
Assistentin/Assistent,15
Magazinmitarbeiter,15
Einkaufsmanager,15
Geschäftsentwickler,15
Leiterin/Leiter,15
Fertigungstechniker,15
Dekorateur,15
Marketingmanager,15
CAD-Zeichner,15
Gebäudetechnikplaner,15
Beschaffer,15
Kältetechniker,15
IT-Sicherheitsingenieur,15
Werkstudent,15
Kandidat,15
HR-Sachbearbeiter,15
Betriebstechniker,15
Medizintechniker,15
Dozent,15
Kundendiensttechniker,15
Zimmermädchen,15
IT-Berater,15
Lastwagenfahrer,15
Leiter Qualitätsmanagement,14
Fertigungsleiter,14
Plattform-Engineer,14
Assistante en soins de santé communautaire,14
Systemverwalter,14
Netzwerkadministrator,14
Lüftungsanlagenbauer,14
Dessinateur,14
Verkaufstalent,14
Pflegekraft,14
Motorradmechaniker,14
Paketzusteller,14
Lagerleiter,14
Projekttechniker,14
Zeichnerin,14
Notfallpflegerin/Notfallpfleger,14
Gleisbauer,14
Radiologietechniker,14
Sicherheitswärter,14
Support-Spezialist,14
Business-Entwicklungsmanager,14
Lösungsingenieur,14
Schleifer,14
Qualitätsfachmann,14
Speditionsmitarbeiter,14
Datenverantwortlicher,14
Konditor,13
Barkeeper,13
Verkaufsreisender,13
Serviceleiter,13
Verwaltungsmitarbeiter,13
Schaltanlagenmonteur,13
IT-Administrator,13
Operationstechniker,13
Service-Manager,13
Immobilienvermarkter,13
Fitnesslehrer,13
Anwalt,13
Metallbaukonstrukteur,13
Kaufmännische Mitarbeiterin,13
Büroassistent,13
Kommunikationsexperte,13
Sicherheitsfachmann,13
Export-Assistent,13
Doktorand,13
Betreuungshelfer,13
Automobil-Assistent,13
Weinexperte,13
Intensivpfleger,13
Kategorienmanager,12
Kinderbetreuer,12
Führungskraft,12
Innenarchitekt,12
Pflegediplom,12
Baukostenplaner,12
Helfer,12
Masseur,12
Pädagoge,12
Polierer,12
Anwendungsverantwortlicher,12
Kaufmännischer Mitarbeiter,12
Prozessmanager,12
Mitarbeiterin,12
Schränker,12
Küchenmitarbeiter,12
Entwicklungsleiter,12
Drehmechaniker,12
Linienführer,12
Anlagenbetreuer,12
Professor,12
Assistenzärztin/Arzt,12
Kaufmännische Angestellte,12
Informationssicherheitsbeauftragter,12
Franchising-Partner,12
Reifenmonteur,12
Sanitäter,12
Schulleiter,12
Montagemechaniker,12
Administrator,11
Krankenhausmitarbeiter,11
Lehrperson,11
Holzbearbeiter,11
Stationsleiter,11
Aide-soignant,11
Busfahrer,11
Exportsachbearbeiter,11
Dienstleister,11
Automatisierungstechniker,11
Gartenleiter,11
Logistikkoordinator,11
Ersatzteilverkäufer,11
Fachmitarbeiter,11
Logopädin,11
Marketing-Assistent,11
Anästhesiepflegerin/Anästhesiepfleger,11
Walzenführer,11
Projektbeschaffer,11
Baumaschinenführer,11
Vertriebsingenieur,11
SAP-Spezialist,11
Immobilienexperte,11
Bewirtschafter,11
Geomater,11
Aussenhandelsfachmann,11
Anwendungsingenieur,11
Software-Test-Engineer,11
Betriebsangestellte,11
Personalchef,10
Servicefachmann,10
Kurier,10
Disponentin,10
Automatisierungsingenieur,10
Kontorist,10
Verfahrenstechniker,10
Forschungsingenieur,10
Automatenbetreuer,10
Fensterinstallateur,10
Wohnberater,10
Hauswirtschafter,10
Produktionsingenieur,10
Technischer Zeichner,10
Diätköchin,10
Anforderungstechniker,10
Hotelmanager,10
Barista,10
Speditionsfachmann,10
Systemarchitekt,10
Diagnoseexperte,10
Geodätiker,10
Backwarenleiter,10
Verantwortlicher,10
Datenanalyst,10
Fachspezialist,10
Coach,10
Pflegefachkraft,10
Anforderungsbearbeiter,10
Trainer,10
Hardware-Entwickler,10
Sicherheitsmanager,10
Metallbauschlosser,10
Sterilisationsassistent,9
Anästhesiepfleger,9
Testingenieur,9
Scrum Master,9
Zahnassistentin,9
Reifenfachmann,9
Boucher,9
Elektrozeichner,9
Verkaufsmanager,9
Gebäudereiniger,9
Kosmetikerin,9
Operator,9
Gastronomiefachmann,9
Verkaufssachbearbeiter,9
Dienstleistungsmanager,9
Markenverantwortlicher,9
Projektentwickler,9
Cyber-Sicherheits-Experte,9
Betreuungsperson,9
Apprenti,9
Architekturzeichnerin,9
Glaser,9
Kunststofftechniker,9
Handelsvertreter,9
Anlagenbediener,9
Drogist,9
Karosserie-Spengler,9
Business-Entwickler,9
Sicherheitsarchitekt,9
Infirmière,9
Treuhänder,9
Technischer Hauswart,9
Servicemonteur,9
Lösungsarchitekt,9
Automobil-Fachmann,9
Produktspezialist,9
Praktikantin/Praktiker,9
Export-Spezialist,9
Store-Monteur,9
Exportberater,9
Sicherheitsbeauftragter,9
Holzarbeiter,9
Schichtführer,9
Frontend-Entwickler,9
Diätkoch,9
Schreiber,9
Accountmanager,9
Betriebsunterhalter,9
Speditionskaufmann,9
Personalmitarbeiterin,9
Rechnungsbuchhalterin,9
Marketingberater,9
Logistikfachmann,9
Haustechniker,9
AGS,9
Betriebswirt,8
Kaufmännischer Leiter,8
Kranfahrer,8
Verkaufstechniker,8
Redaktor,8
Pflegerische Assistenz,8
IT-Verantwortlicher,8
Web-Entwickler,8
Netzwerk- und Sicherheitstechniker,8
Datenarchitekt,8
Eventmanager,8
Support-Engineer,8
Immobilienfachfrau,8
Milchtechniker,8
Software-Engineer,8
HR-Fachkraft,8
Verkaufssupporter,8
Akustiker,8
Möbelverkäufer,8
Polytechniker,8
Datenverwalter,8
Operationstechnikerin/Operationstechniker,8
Pflegerin,8
Reiseberater,8
Pharmazeutischer Assistent,8
Oberärztin/Oberarzt,8
Bauvorstand,8
Inbetriebnahme-Techniker,8
CNC-Operator,8
Storemonteur,8
Software-Tester,8
Labortechniker,8
Software-Architekt,8
Pflegepraktikant,8
Logistikmanager,8
Logopäde,8
Technischer Assistent,8
Kellnerin/Kellner,8
Heilpädagogin/Heilpädagoge,8
Schadenmitarbeiter,8
Verkaufsbearbeiter,8
Chirurg,8
Koch/Köchin,8
Produktionsexperte,8
Möbelmonteur,8
Kommunikationsmitarbeiter,8
Forstwärter,8
Verpackungstechniker,8
MPA,8
Pneumatiker,8
Backoffice-Mitarbeiter,8
Hotelführer,8
Milchtechnologe,8
HR-Fachmann/Frau,8
Personalverwalter,8
Betonarbeiter,8
Schadenregulierer,8
Rezeptionistin,8
Arbeitsagoge,7
Lagerungspfleger,7
Netzwerk-Engineer,7
Technischer Support,7
Assistante,7
Lehre,7
Haarpfleger,7
Lagerverwalter,7
Kassiererin,7
Lagermitarbeiterin,7
Paketsortierer,7
Monteurin,7
Fachfrau/Fachmann Operationstechnik,7
Verpackungshelfer,7
IT-Engineer,7
Rechtspraktiker,7
Projektkoordinator,7
Servicefachmitarbeiter,7
HR-Mitarbeiter,7
Studierender,7
Vertreter,7
Abkanter,7
Restaurantmitarbeiter,7
Pflegestudent,7
Hotelfachmann,7
Straßenarbeiter,7
Kundenmanager,7
Elektrofachmann,7
Backmeister,7
Datenbank-Engineer,7
Marketing-Koordinator,7
Fachverantwortlicher,7
Solarmonteur,7
Auditor,7
Monteurschreiner,7
Technischer Verkaufsberater,7
Betriebsmitarbeiterin,7
Solartechniker,7
Kundendienstmitarbeiterin,7
Schneider,7
Hotelmitarbeiter,7
Verkehrstechniker,7
Rechtsberater,7
Cloud-Architekt,7
Exportfachmann,7
Steuerungstechniker,7
HR-Fachperson,7
Datenexperte,7
Kundenserviceberaterin,7
Kältemonteur,7
Prozessanalyst,7
Schulsozialarbeiter,7
Polizist,7
Landschaftsgärtnerin,7
Biologe,7
Serviceassistent,7
Schichtkoordinator,7
Ausbilder,7
Tiefbauzeichner,7
Pflegedienstleister,7
Inspektor,7
Drucktechnologe,7
Verkaufsmitarbeiterin,7
Gartenbauer,7
Mécatroniker,7
UX-Designer,7
Gastgeber,7
Gerichtsschreiber,7
Kursleiter,7
Pflegeassistentin,7
Kontrolleur,7
Bahnhofleiter,6
Detailhandelsfachmann,6
Betriebsassistent,6
Prozessleiter,6
Kellnerin,6
Briefträger,6
Notfallsanitäter,6
Kurierfahrer,6
Datenwissenschaftler,6
Polybauer,6
Beschaffungsspezialist,6
Pflegetalent,6
Zerspanungstechniker,6
Studienkoordinator,6
Assistenzpsychologe,6
Reparaturtechniker,6
Versandmitarbeiter,6
Informatik-Techniker,6
Kauffrau/Kaufmann,6
Auftragsabwickler,6
Import-Export-Spezialist,6
Revisor,6
Datenbank-Experte,6
Werkzeugmechaniker,6
Qualitätsbeauftragter,6
Karosserie-Schlosser,6
Filialleiterin,6
Holzbauer,6
Dienstmitarbeiter,6
Podologe,6
Berufsbildungsverantwortlicher,6
Zivilingenieur,6
Zahnhygienist,6
Sozialassistent,6
Technischer Vertreter,6
Import-Export-Sachbearbeiter,6
Pflegefachmann/Frau,6
Automobil-Diagnostiker,6
Verwaltungsleiter,6
Ersatzteilverantwortlicher,6
Konstruktionstechniker,6
Forschungsmanager,6
Rekrutierer,6
Zollfachmann,6
Auxiliaire de santé,6
Entwicklerin,6
Automobilassistent,6
Backfrau,6
Beschichter,6
Sicherheitschef,6
Säger,6
Marketing Manager,6
Telematiker,6
Pflegeexpertin,6
Teamleiterin,6
Pädagogin,6
Tierarzt,6
Paketbote,6
Verkaufschef,6
Wareneingangskraft,6
Assistante en soins et santé communautaire,6
Santé,6
Flugzeugmechaniker,6
Systemadmin,6
Finanzbuchhalter,6
Immobilienbuchhalter,6
Pâtissier,6
Servicekraft,6
Fachärztin,6
Mekatroniker,6
Fahrzeugreiniger,6
Gartenarchitekt,6
Restaurantfachmann,6
Logistikerin,6
Prozesstechniker,6
Prozessspezialist,6
Küchenmonteur,6
Tunnelbauer,6
Betriebsangestellter,6
Baumaschinenmechaniker,6
Assistante de santé,6
Friseurin,6
Fachmann/Fachfrau,6
Küchenangestellter,6
Kategorienverantwortlicher,6
Anwendungsberater,6
Fleischfachmann,6
Datenbank-Spezialist,6
Metallbearbeiter,6
Krankenschwester,6
Asbest-Installateur,6
Technischer Spezialist,5
Raumplaner,5
Hilfsmechaniker,5
Vertriebsmanager,5
Rechnungskontrolleur,5
Immobilienmaklerin/Mann,5
Karosseriearbeiter,5
Paket-Sortierer,5
Buchhalterin,5
Account Manager,5
Dokumentenverwalter,5
Altenpfleger,5
Grutier,5
Kaufmännischer Sachbearbeiter,5
Bauprojektleiter,5
Verwaltungssekretär,5
Übersetzer,5
Werkstatttechniker,5
Auffüller,5
Pädagogische Fachkraft,5
Pflegedirektorin/Pflegedirektor,5
Asbestsanierer,5
Echafaudeur,5
Testautomatisierer,5
CNC-Programmierer,5
Fachfrau Gesundheit,5
Isolierer,5
Prüftechniker,5
Personalentwickler,5
Diätköchin/Diätkoch,5
Automationsspezialist,5
Ärztin,5
Systemgastronomie-Fachfrau/Fachmann,5
Technischer Sekretär,5
Operationsassistent,5
Industriemechaniker,5
Restaurationsfachfrau,5
Warenverwalter,5
Bauschreiner,5
Abteilungsleiterin,5
Crewmitglied,5
Kommissionierer,5
Versorgungskettenmanager,5
Spengler,5
Teammitarbeiter,5
Technologe,5
Spécialiste en désamiantage,5
Fachkraft Gesundheit,5
Drafter,5
Hauswirtschafterin,5
Verteiler,5
DevOps-Spezialist,5
Schadenspezialist,5
Zimmerman,5
Fachlehrer,5
IT-Operativ-Engineer,5
Empfangsmitarbeiterin,5
Assistante médicale,5
Bedienungstechniker,5
Hotelfachfrau/Fachmann,5
Praktikantin/Praktikant,5
Apothekerin/Apotheker,5
Servicefachfrau,5
Verkehrsdienstmitarbeiter,5
Augenarzt,5
Bereichsleiter,5
Notfallmediziner,5
Gewinderoller,5
Kundensupportmitarbeiter,5
Anwendungsanalytiker,5
Metallbaupraktiker,5
Marketingverantwortlicher,5
Pflegepraktiker,5
Cyber-Sicherheits-Engineer,5
Personalvermittler,5
Bahnhofsvorsteher,5
Telefonist,5
Sicherheitsverantwortlicher,5
Operateur,5
Forschungsleiter,5
Fahrzeugmechaniker,5
Grafiker,5
Kabelmonteur,5
Laborleiter,5
Baumaschinist,5
Aktuar,5
Chemieingenieur,5
Modeberaterin,5
Paysagiste,5
Atelierleiter,5
Tischler,5
Backarbeiter,5
Firmware-Entwickler,5
Verkaufsmann,5
Qualitätsverantwortlicher,5
Maschinenbauer,5
Fachplaner,5
Isolierspengler,5
Magazinier,5
Hausarzt,5
CAD-Designer,5
Betonmaschinist,5
Metallarbeiter,5
Immobilienberater,5
Putzer,5
Produktbesitzer,5
Tuyauteur,5
Datenanalytiker,5
Servicehelfer,5
Logistik-Assistent,5
Verkaufsspezialist,5
Social Media Manager,5
Junior-Informatiker,5
Bedienungskraft,5
Release-Manager,5
Laboratoriumspezialist,5
Patientenbetreuer,5
Vitrier,5
Finanz- und Personalmitarbeiter,5
Sertisseur,5
Parkettleger,5
IT-Systemingenieur,5
Prüfingenieur,5
Hauswirtschaftlerin,5
Zollexperte,5
Zahnassistent,5
Qualitätsmitarbeiter,5
Verkehrshelfer,5
IT-Sicherheitsberater,5
Gerätemonteur,5
Datenmanager,5
Pflegeausbilderin/Pflegeausbilder,5
Kaufmännische Mitarbeiterin/Mitarbeiter,5
Elektrontechniker,5
Käufer,5
BIM-Modellierer,5
Fachmann/Frau,5
Raumpfleger,5
Anwendungsspezialist,5
Netzmonteur,5
Fahrradmechaniker,5
Objektleiter,5
Straßenwart,5
Schleiftechniker,4
Einkaufsplaner,4
Rangierarbeiter,4
Apotheker-Assistent,4
Pflegepersonal,4
Prüfer,4
Projektleiterin,4
Einkäuferin,4
Marketingleiter,4
Fahrzeugtechniker,4
Netztechniker,4
Flugzeugwartungstechniker,4
Anlagebediener,4
Möbelpfleger,4
Bodenarbeiter,4
Nachtwächter,4
Einrichtungsberater,4
Patentexperte,4
Programmiererin,4
Montatore,4
Kodierer,4
Rechnungsfachmann,4
Hotellerie-Hauswirtschaftler,4
lackierer,4
HR-Fachfrau/Fachmann,4
Verkaufsberaterin,4
Hauswirtschaftsleiter,4
BIM-Koordinator,4
Einbaumaschinist,4
HR-Business-Partner,4
Transportleiter,4
Begleitperson,4
Leitender Arzt,4
Logistiktechniker,4
Operations Manager,4
Spleisser,4
Ausbildender,4
Krankenschwester/Krankenpfleger,4
Hausdienstmitarbeiter,4
Restaurant-Manager,4
CRM-Manager,4
Automechatroniker,4
Social-Media-Manager,4
Inventarmitarbeiter,4
Sanitärplaner,4
Fallmanager,4
Produktionsmitarbeiterin,4
Liegenschaftsverwalter,4
Business-Anwendungsmanager,4
System- und Cloud-Ingenieur,4
Verkaufmitarbeiter,4
Personalassistentin,4
IT-Sicherheitsanalyst,4
Reparaturmechaniker,4
Auszubildender,4
Arbeitsschutzexperte,4
Büroangestellte,4
Medizinische Assistentin,4
System Administrator,4
Metallurgischer Konstrukteur,4
Sanitär- oder Heizungsinstallateur,4
Informatiktechniker,4
Installateur-Elektriker,4
Verkehrsplaner,4
Produktionskoordinator,4
Expertin,4
Sécuritaire,4
Teammitglied,4
Arbeitsleiter,4
Rektor,4
Pharma-Assistent,4
Technicien,4
Lichtplaner,4
Maurermeister,4
Hotelreiniger,4
Ausbildungsverantwortlicher,4
Rheumatologe,4
Pflegeperson,4
Küchenhilfskraft,4
Marketing-Praktikant,4
Netzwerk- und Systemingenieur,4
System-Engineer,4
Elektrikerin/Elektriker,4
Export-Sachbearbeiter,4
Pizzabäcker,4
Lehrende,4
Schulmitarbeiter,4
Sicherheitsdienstmitarbeiter,4
Landwirt,4
IT-Mitarbeiter,4
Automobil-Spezialist,4
Förderer,4
Pflegerassistenz,4
Netzwerk-Techniker,4
Hebammen,4
Enterprise Architect,4
Pflegeausbilderin,4
Galvaniker,4
Sozialpädagog,4
Verfahrensingenieur,4
Serviceingenieur,4
Enterprise-Architekt,4
Ausbildungsleiter,4
Fachingenieur,4
Werbetechniker,4
Anästhesistin/Anästhesist,4
Dokumentationsautor,4
Restaurationsfachmann/Frau,4
Netzwerkspezialist,4
Fahrleitungsmeister,4
Wissenschaftlicher Mitarbeiter,4
Automobilfachmann/Frau,4
Gastgeber/Gastgeberin,4
Diabetesberater,4
Anlagenleiter,4
Auftragsverantwortlicher,4
Servicemitarbeiterin,4
IT-System-Engineer,4
Gerüstführer,4
Baupolier,4
Straßenmarkierer,4
Heimlieferant,4
ERP-Spezialist,4
Musiker,4
Zahnarzt,4
Validierungsingenieur,4
Pflegerische Fachkraft,4
Kundensupport,4
Hörgeräteakustiker,4
Juwelier,4
Logistikassistent,4
System-Experte,4
Medizinphysiker,4
Dermatologe,4
Bildungsverantwortlicher,4
Technische Sachbearbeiterin,4
Systemintegrator,4
Hydrauliker,4
Speichertechniker,4
Transportmitarbeiter,4
Trainingsfachmann,4
Metallwerkstattmitarbeiter,4
Entwicklungsmanager,4
Bohrer,4
Instandhaltungsplaner,4
Transportkoordinator,4
Data Scientist,4
Verkaufssupport,4
Tierpfleger,4
Netzplaner,4
Testexperte,4
Dokumentations-Spezialist,4
Isolateur,4
Personalmanager,4
Elektrosicherheitsberater,4
Arbeitssicherheitsbeauftragter,4
Qualitätstechniker,4
ASSC,4
Sicherheitsassistent,4
Elektronikdesigner,4
Berufsbildnerin,4
Ressortleiter,4
Werkzeugtechniker,4
Pflegfachperson,4
Immobilienbewerter,4
Reinigungstechniker,4
Bürokoordinator,4
Cuisinier,4
Community Manager,4
Business-Developer,4
Hauswirtschaftsmitarbeiter,4
Verkehrsbetriebsmitarbeiter,4
Baumpfleger,4
Recyclist,4
Instandhaltungsmechaniker,4
Fleischhändler,4
Kundenservice-Leiter,3
Lehrerin/Lehrer,3
Programmleiter,3
Weinberater,3
Wartungskoordinator,3
Prozessexperte,3
Intensivpflegerin/Intensivpfleger,3
Immobilienassistent,3
Anlagenwart,3
Fachexpert,3
Architekturzeichner,3
Systemadministratör,3
Storenmonteur,3
Retention-Spezialist,3
Fachassistent,3
Berufsbildungsverantwortliche,3
Türenmonteur,3
Markenmanager,3
Elektroinspektor,3
Nachtdienstmitarbeiter,3
Statiker,3
Cyber-Sicherheitsanalyst,3
Lehrerin,3
Objektbetreuer,3
Fertigungsplaner,3
Schuhmacher,3
Praktikantin,3
CNC-Einrichter,3
OP-Technikerin/OP-Techniker,3
Geschäftsführerin,3
Wirtschaftler,3
Netzwerkkomponist,3
Paralegal,3
Produktchef,3
Datenbankadministrator,3
Verkehrskoordinator,3
Assistante technique spécialisée en salle d'opération,3
Lohnbuchhalter,3
Maschinenaufbereiter,3
Reiseleiter,3
Feinwerkoptiker,3
Sanitär- und Heizungsinstallateur,3
Exportexperte,3
Ofenbauer,3
Leitungskraft,3
Elektroprojektmanager,3
Auftragsbearbeiter,3
ERP-Experte,3
Sprachlehrer,3
Tankwart,3
Pflegerische Mitarbeiterin/Mitarbeiter,3
Uhrenrestaurator,3
Holztechniker,3
Kaufmännischer Assistent,3
Grünbereichsleiter,3
Servicemechaniker,3
Operations-Spezialist,3
Sicherheits-Experte,3
Lieferservice-Mitarbeiter,3
Briefzusteller,3
Küchenplaner,3
Hotelfachfrau,3
Hilfsschreiner,3
Support-Mitarbeiter,3
Nettoyeur,3
Bauherrenvertreter,3
Baukoordinator,3
Design-Ingenieur,3
Cloud-Spezialist,3
Elektrikerleiter,3
Kanalreiniger,3
Integrationstechniker,3
Polisseur,3
Physiotherapeutin/Physiotherapeut,3
Zugverkehrleiter,3
Bauverwalter,3
Fraisier,3
Wasserschadensfachmann,3
Bahnstewardess,3
Servicemanager,3
Floristin,3
Umweltingenieur,3
Rechtsassistent,3
Hardware-Engineer,3
Mediziner,3
Servicekoordinator,3
Heizungs- und Sanitärinstallateur,3
Verwaltungsspezialist,3
Kodiererin/Kodierer,3
Instandhaltungsleiter,3
Innendekorateur,3
LKW-Mechaniker,3
Praxiskoordinator,3
Praktikerin/Praktiker,3
Datenberater,3
F&B-Manager,3
Kundenservice,3
Florist,3
Baumschützer,3
Infrastruktur-Engineer,3
Speditionsfachmann/Frau,3
Rundschleifer,3
Berechnungsingenieur,3
Recruiting-Spezialist,3
Ernährungsberater,3
Verkehrsspezialist,3
Laborantin,3
Medizinischer Codierer,3
Anwendungsbeauftragter,3
Busmechaniker,3
Forstwissenschaftler,3
Stadtplaner,3
Finanzcontroller,3
Cloud-Experte,3
Cafémitarbeiter,3
Menuisier,3
Werkzeugbauleiter,3
Hotellerie-Hauswirt,3
Elektro-Sicherheitsberater,3
Heizungs- oder Sanitärinstallateur,3
Abfallentsorger,3
Werkzeugwart,3
Ersatzteilmanager,3
Therapeut,3
Gebäudeautomatiker,3
Schiffsmonteur,3
Dispositionmitarbeiter,3
Schauer,3
Shopmanager,3
Paketmitarbeiter,3
Diplom Expert,3
Anlageleiter,3
Franchisenehmer,3
Zollmitarbeiter,3
Ersatzteilmitarbeiter,3
Haushaltshilfe,3
Aktivierungsfachperson,3
Fachmann Gesundheit,3
Bauwerker,3
Energieberater,3
Technischer Kundenberater,3
Systemmanager,3
Technischer Einkäufer,3
Freiwilliger,3
HR-Allrounder,3
Verpackungsspezialist,3
Heizwerkführer,3
Hotellerie-Fachfrau/Fachmann,3
Fassadenbauer,3
Polydesigner,3
Monteurleiter,3
Automatenbauer,3
Wundexperte,3
Kochhilfskraft,3
Revierwärter,3
Bäcker/Pâtissier,3
Holzbautechniker,3
Stellenvermittler,3
Einsatzplaner,3
Hauswirtschaftlerin/Hauswirtschaftler,3
Maschinenschaffner,3
CAD-Spezialist,3
Vertriebsberater,3
Software-Spezialist,3
Kaufmännische Sachbearbeiterin,3
HR-Fachfrau,3
Holzbauingenieur,3
Warenausganger,3
Partnerassistent,3
Sanitär-Monteur,3
Musiklehrer,3
Regionalleiter,3
Technischer Supportspezialist,3
Elektrotechnikerin,3
IT-Systemmanager,3
Jobcoach,3
Servicedesk-Mitarbeiter,3
Metallurgiste,3
Zählermonteur,3
Teamleiterin/Teamleiter,3
Haustechnikplaner,3
Feinmechaniker,3
Strukturbauer,3
Werkhofmitarbeiter,3
DevSecOps-Engineer,3
Flugzeugreiniger,3
Werkhofleiter,3
Motorenmonteur,3
Glasbläser,3
Einkaufsassistent,3
Marketing-Leiter,3
Social-Media-Spezialist,3
Schichtarbeiter,3
Altenpflegerin,3
Lebensmittelpraktiker,3
Leiter der Bauarbeiten,3
Zimmerdienstmitarbeiter,3
Lüftungsmonteur,3
Konstruktionsteamleiter,3
Gästebetreuer,3
Weinkellner,3
Aktivierungstherapeut,3
Stationärer Leiter,3
Bauexperte,3
Fahrzeugexperte,3
Lagerlogistiker,3
Betonwerker,3
Automationsleiter,3
Liftmonteur,3
Technische Fachkraft,3
Baubetreuer,3
Kosmetiker,3
Lehrabgänger,3
Finanzfachmann,3
Ingenieurleiter,3
Pharmazeutische Assistentin,3
Detektiv,3
Motorgerätemechaniker,3
Datenbank-Administrator,3
Merchandiser,3
IT-Fachverantwortlicher,3
Journalist,3
Straßenbaupolier,3
Sekretärin/Sekretär,3
Vertragsbearbeiter,3
Fertigungsingenieur,3
Produktionscontroller,3
Studentenjob,3
Sous Chef,3
Studentische Hilfskraft,3
Elekrofachmann/Frau,3
Schemazeichner,3
Netzwerk-Experte,3
Mandatsleiter,3
 Stationsleiter,3
Lerncoach,3
Qualitätsplaner,3
Qualifikationsingenieur,3
Dokumentationsmitarbeiter,3
Netzwerkexperte,3
Büroingenieur,3
Technischer Support-Engineer,3
Dachdeckerin,3
Leistungsspezialist,3
Notfallpflegerin,3
Anwendungsadministrator,3
Nachhaltigkeitsexperte,3
Pneumonteur,3
Assistente,3
Pädiater,3
Berufsbildnerin/Berufsbildner,3
Quereinsteiger,3
Rangierer,3
Baumanager,3
Anwendungs-Spezialist,3
Area Manager,3
HR-Verantwortlicher,3
Logopädin/Logopäde,3
Versorgungsketten-Manager,3
Forscher,3
Zonenleiter,3
Unternehmer,3
Polygraf,3
Stellvertreter,3
Fachbereichsleiter,3
Instruktor,3
Gleisarbeiter,3
Holzschnitzer,3
Biomedizinische Analytikerin,3
Elektrokontrolleur,3
Biomedizinischer Analytiker,3
Planerin,3
Fitnesstrainer,3
Automobil-Fachmann/Frau,3
Personalverwaltungsspezialist,3
Versicherungskaufmann,3
Beauty-Experte,3
Betreibsmechaniker,3
Baustellenleiter,3
Apparatebauer,3
Beautyberater,3
Aktivierungsfachmann,3
Machiniste,3
Werkstattchef,3
Pflegedienstleiterin,3
Uhrenmonteur,3
Energieexperte,3
HR-Fachmann,3
Esthétikerin,3
Betriebsfachmann,3
Supportmanager,3
Einsatzmitarbeiter,3
Fahrdienstleiter,3
Businesspartner,3
IT-Service-Manager,3
Vertriebskoordinator,3
IT-Sicherheitsmanager,3
Ordonnateur,3
Roboterbetreuer,3
Medizinische Fachkraft,3
Mikrobiologe,3
Laborassistent,3
Anwendungsunterstützer,3
Hotellerie-Mitarbeiter,3
Restaurantmanager,3
Kundeningenieur,3
Hilfspfleger,3
Anwältin/Anwalt,3
IT-Infrastruktur-Spezialist,3
Fertigungsarbeiter,3
Produktexperte,3
Nachhaltigkeitsmitarbeiter,2
Pflegeengel,2
IT-Analyst,2
Handelsverantwortlicher,2
Bewirtschaftungsexpert,2
Franchise-Partner,2
Schönheitsberater,2
Küchenpersonal,2
Schatzmeister,2
Technologiechef,2
Kunststoff-Spezialist,2
Reifentechniker,2
Bauverwaltung,2
Schadenbearbeiter,2
Try&Hire,2
Anwendungsunterstützung,2
Export-Import-Sachbearbeiter,2
Isolator,2
Forschungspraktikant,2
Assistenzprofessor,2
Sicherheitsinspektor,2
Technischer Support Manager,2
Marketing-Analyst,2
Betreuerin/Betreuer,2
Montageelektriker,2
Hotelführerin,2
IT-Controller,2
Data Analyst,2
Pharmatechnologe,2
Verwaltungschefin,2
Immobilientreuhänder,2
Netzverantwortlicher,2
Mauerer,2
Bürohilfskraft,2
Finanzleiter,2
Technische Operationsassistentin,2
Diätassistent,2
Seminarleiter,2
Leiter von Baustellen,2
Abwäscher,2
Immobilienbetreuer,2
Koch/Kellner,2
Dispositionsteamleiter,2
Gebietsleiter,2
Klimamonteur,2
KMU-Supporter,2
Opérateur,2
 Dispatcher,2
Schweißfachmann,2
Call Center Mitarbeiter,2
Vorsorgespezialist,2
Kommunikationsfachmann,2
Sociologe,2
Referent,2
Notariatsassistent,2
Netzwerk- und Sicherheitsingenieur,2
Medizinischer Assistent,2
Fachfrau/Fachmann Gesundheitsfachberuf,2
Site Manager,2
Datenbankberater,2
Verkaufsassistenz,2
Event-Manager,2
Auftragssachbearbeiter,2
Steward,2
Autoaufbereiter,2
Dokumentationsexperte,2
Tiefbauer,2
Patientenmanager,2
E-Commerce-Manager,2
Assistante en soins communautaires,2
Hausmeister,2
Autolackierer,2
Pflege- und Betreuungskraft,2
Hausverwalter,2
Markenverantwortliche,2
Anlagenführerin,2
Versicherungskaufmann/-frau,2
Eventkoordinator,2
Hochbautechniker,2
Kino-Mitarbeiter,2
Kontrollzähler,2
Systemmonitor,2
Systemverifikationsmanager,2
Promoter,2
Kellnerleiter,2
Poseur de sols,2
Mechanikertechniker,2
Geotechniker,2
Maschinenentwickler,2
Prozessverantwortlicher,2
Hardware-Planer,2
Fahrzeugsachverständiger,2
Diplom-Fachpersonal,2
Sushi-Koch,2
Fachangestellte/Fachangestellter,2
Fachfrau,2
Belagsbauer,2
Fachfrau/Gemann Gesundheit,2
Anlagentechniker,2
Qualitätskontrolleurin,2
Datenbankexperte,2
Drucker,2
Anlagenverantwortlicher,2
Datenschutzbeauftragter,2
Service-Owner,2
Drahterodierer,2
Archivmitarbeiter,2
Projektexperte,2
Medizinischer Sachbearbeiter,2
Tankfahrer,2
Notarassistent,2
Warenwirtschaftler,2
Datenbankentwickler,2
Umwelttechniker,2
Konstruktionszeichner,2
Milchbauer,2
Produktmarketingmanager,2
Médecin assistant,2
Rechnungswesen-Spezialist,2
Paketfahrer,2
Wissenschaftlerin/Wissenschaftler,2
Nasstechniker,2
Pathologe,2
Doktorandin/Doktorand,2
Dispatcher,2
Immobilienfachfrau/Fachmann,2
Medizinprodukttechnologe,2
Dispensarbeiter,2
Schmerztherapeut,2
Hardwareplaner,2
UX-Forscher,2
Neuropsychologe,2
Schmiedemechaniker,2
Temporärmitarbeiter,2
Automationspezialist,2
Feuerwehrmann,2
Versicherungsvertreter,2
Einsatzleiter,2
Diplom-Heilfachfrau,2
Kleidungsgestalter,2
Gesundheits- und Krankenpflegerin/Pfleger,2
Führungsmitarbeiter,2
Arbeitsvorbereiter,2
Giardiniere,2
Wissenschaftsmanager,2
Controlling-Manager,2
Netzbetriebsfachmann,2
Technischer Ingenieur,2
Röntgenassistent,2
Dietist,2
Gerätewart,2
Einkaufsverantwortlicher,2
Software-Manager,2
Marketingspezialist,2
Galvanisierer,2
Brandschutzfachmann,2
Freelancer,2
Mechanikus,2
Fachfrau Gesundheit/Fachmann Gesundheit,2
Sicherheitstester,2
Badeaufsichtsmitarbeiter,2
Pflegeexpertin/Pflegeexperte,2
Klimaexperte,2
Verkehrsexperte,2
Technischer Support-Spezialist,2
Blutspendefachperson,2
Key Account Manager,2
Cateringmitarbeiter,2
Pädagogin/Pädagoge,2
Produktmanager und Verkaufsberater,2
Personalexperte,2
Koordinationsassistent,2
Assistante de soins et santé communautaire,2
Cyber-Sicherheits-Offizier,2
Geschäftsführerin/Geschäftsführer,2
Tiefbautechniker,2
Schadenexperte,2
Terminkoordinator,2
Anlagemechaniker,2
Fachfrau Hauswirtschaft,2
Restaurantfachmann/Frau,2
Store-Mitarbeiter,2
Lernberater,2
Magazinleiter,2
Restaurant-Experte,2
System-Administrator,2
Verkaufs- und Produktmanager,2
Onkologe,2
Rasenpfleger,2
Baggerfahrer,2
Umzugsmitarbeiter,2
Host,2
Metallbauplaner,2
CRM-Spezialist,2
Cyber-Sicherheits-Expertin,2
Supply-Chain-Manager,2
Schifffahrtsoffizier,2
Assistenzärztin,2
Seelsorger,2
Hauswirtschaftliche Fachkraft,2
Bibliothekar,2
Uhrenmechaniker,2
Stationenleiter,2
Rekrutenschüler,2
Kundenbetreuerin,2
Industrialisierungstechniker,2
Speditionssachbearbeiter,2
Médecin,2
Marketing-Verantwortlicher,2
Jardinier,2
Leiter der Werkstatt,2
Weinproduzent,2
Backchef,2
Naildesignerin,2
Presstechniker,2
Saunameister,2
Wohngruppenleiterin,2
Regionalverkaufsleiter,2
Applikationsmanager,2
Hebammenassistentin,2
Landschaftsarchitekt,2
Gebäudeunterhalter,2
IT-Administrant,2
Parkplatzwärter,2
Fahrzeug-Aufbereiter,2
Électricien,2
Malaktor,2
Baumschiner,2
Fahrzeugverantwortlicher,2
Kommisionär,2
Instandhaltungsfachmann,2
Business-Intelligence-Entwickler,2
Reinraummitarbeiter,2
Hotelfachmann/Frau,2
Verladearbeiter,2
Materialverantwortlicher,2
Drehwerkstattmitarbeiter,2
Schneemacher,2
Fleischfachfrau,2
Fachperson Operationstechnik,2
Fundraising-Verantwortlicher,2
Qualitätsanalyst,2
Sektorleiter,2
Rechtsanwältin/Rechtsanwalt,2
Netzbaumonteur,2
Schiffsführer,2
Anlagewart,2
Systemintegrationstechniker,2
Abkantmechaniker,2
Netzwirtschaftler,2
Personalmarketing-Spezialist,2
Packager,2
Projekt- und Bauleiter,2
Programmarchitekt,2
Produktverantwortliche,2
Praxismitarbeiter,2
Patentingenieur,2
Sortierer,2
Schwimmbadtechniker,2
Hydrologe,2
Chef de projet,2
Kommissionierungstechniker,2
DevOps-Manager,2
Qualitätssicherungmitarbeiter,2
Möbelträger,2
Dekolateur,2
Luftfahrzeugmechaniker,2
Frachfrau/Frachmann,2
Gouvernante,2
Leistungsexperte,2
Chemietechnologe,2
Verkaufs- und Marketingmitarbeiter,2
Rettungssanitäterin,2
Verkaufscontroller,2
Pharmazeutischer Fachmitarbeiter,2
Zivilstandsbeamter,2
Betriebswartin,2
Generalsekretär,2
Marketing-Controller,2
Concierge,2
Umweltexperte,2
Beschaffungsexpert,2
Kunststoffbearbeiter,2
Bergmann,2
Produzent,2
Zahnhygienistin,2
Lieferkette-Experte,2
Wasserwirtschaftler,2
Geologe,2
Transaktionsmanager,2
Energiespezialist,2
Marketingfachfrau,2
Gerätetechniker,2
Hotelassistent,2
Weinkellerleiter,2
Distributionsmitarbeiter,2
Kinderbetreuerin,2
Fageworker,2
Kliniksekretär,2
Rohr-Sanierer,2
IT-Consultant,2
Veranstaltungstechniker,2
Nachtbetreuer,2
Bauvertreter,2
Schreiner-Maschinist,2
Bahnhofsekretär,2
Immobilienleiter,2
Geoinformationswissenschaftler,2
Marketingfachperson,2
Studienhilfskraft,2
Leitungsbauer,2
Verkauf,2
Automatisierungsleiter,2
Innovation-Engineer,2
Chef,2
Vermessungstechniker,2
Dispositionstechniker,2
Pflegender Angehöriger,2
Visual Merchandiser,2
Dienstleistungsmitarbeiter,2
Testberater,2
Maschinenbautechniker,2
Fräserleiter,2
Agent,2
Kundencordinator,2
Business-Engineer,2
Visiteuse,2
Küchenhilfe,2
Psychologin,2
Drehwerk-Mitarbeiter,2
Marketingassistent,2
Sicherheitsadministrator,2
Technischer Kundendienst,2
Vorrichtungsbauer,2
Künstler,2
Flugzeugspengler,2
IT-Partner,2
Automationsfachmann,2
Verpackungsentwickler,2
Bahnhofmitarbeiter,2
 Facility Manager,2
IT-Infrastruktur-Engineer,2
Portier,2
Malber,2
ICT-Spezialist,2
Orthopäde,2
Plattenlegerin,2
Instandhaltungsmitarbeiter,2
Arealreiniger,2
Augenärztin/Augeärzt,2
Kaffeebarista,2
Lehrender,2
Lackierassistent,2
Gastronomieleiter,2
Arbeitsverwaltungshelfer,2
Pflegefachverantwortlicher,2
Verkaufshelfer,2
Mediamatiker,2
Interaktionsdesigner,2
Care Manager,2
Juristische Volontärin/Juristischer Volontär,2
Löter,2
Chef de Cuisine,2
Charcutier,2
Anwenderanalytiker,2
Fachstellenleiter,2
Pflegeberater,2
Callcenter-Mitarbeiter,2
Export-Sachbearbeiterin,2
Bootfachmann,2
Inbetriebnahme-Ingenieur,2
Sicherheitsleiter,2
Elektrischer Ingenieur,2
Anwaltsassistentin,2
Meldewesen-Spezialist,2
Maschinenbau-Ingenieur,2
Arbeitsschutzbeauftragter,2
Arbeitnehmer,2
Immobilienbuchhalterin,2
Kundenberaterin,2
Nachhaltigkeitsmanager,2
Spleißer,2
Gleismitarbeiter,2
Rohrleitungsinstallateur,2
Bauamtsleiter,2
Reparaturmitarbeiter,2
Rechtspraktikant,2
Brandschutzexperte,2
Optometrist,2
F&B Manager,2
Klärwerkfachmann,2
Pflegedienstleisterin,2
Prüfstandmechaniker,2
Fakturist,2
Supply-Chain-Experte,2
Stylist,2
Robotiker,2
Personalverwaltungskraft,2
Reaktoroperator,2
Fachfrau Operationstechnik,2
Geoinformatiker,2
Restaurationsmitarbeiter,2
Patientenservice-Leiter,2
Prozessentwickler,2
Grundbauer,2
Business Developer,2
Lebensmittelingenieur,2
IT-Revisor,2
Hörakustiker,2
Betonfachmann,2
Servicefachkraft,2
Business Intelligence Entwickler,2
Milchpraktiker,2
Kundengipser,2
Technischer Koordinator,2
Faiseur,2
Verwaltungsangestellter,2
 Näherin,2
Kostenplaner,2
Wäscherei-Angestellter,2
Geräteexperte,2
Fachmann Operationstechnik,2
Pflegedienstmitarbeiter,2
Fenstermonteur,2
Wartungschef,2
Reservations-Manager,2
Fachfrau/Gesundheitsfachmann,2
Politiker,2
Lehrgangsleiter,2
Tarifexperte,2
Technischer Support-Mitarbeiter,2
Strassentransportfachmann/Frau,2
Grütier,2
Antriebstechniker,2
BIM-Spezialist,2
Fensterbauer,2
Sprecher,2
Auftragsmanager,2
Polymerchemiker,2
Flugverkehrskontrolleur,2
Strassenbauer,2
Aide soignant,2
Holzbau-Techniker,2
Steinmetz,2
IT-Projektleiter,2
Gynäkologe,2
Badmeister,2
Integrationsberater,2
Kundendialog-Expertin/Expert,2
Poseur de revêtement de sol,2
Speditionsfachfrau,2
Arbeitsagge,2
Serveur,2
Betonpumpfmaschinist,2
Systemanalytiker,2
Operations Controller,2
Gärtnerin,2
Malerin,2
Siebdrucker,2
Gravure-Operateur,2
Zivildienstleistender,2
Prozessmitarbeiter,2
Testanalyst,2
Optiker,2
Nanny,2
Gastronomie-Leiter,2
Inhaltskreator,2
Heilpädagogin,2
Service-Spezialist,2
Konstrukteurin,2
Kommunikationsverantwortliche,2
Business-Entwicklung-Manager,2
Anlagenplaner,2
Kundendialog-Experte,2
Laseroperator,2
Fachmann für Embedded-Systeme,2
IT-Workplace-Engineer,2
Medizinisch-technische Radiologin/Radiologe,2
Anästhesistin,2
Baukalkulator,2
Avikulturtechniker,2
Bauschlosser,2
Patientenverwaltung,2
Moderator,2
Beraterin,2
Polygrafist,2
Leiter Softwareentwicklung,2
Systementwickler,2
Hotell-Leiter,2
Schweißerin,2
FM-Koordinator,2
Fotografin,2
Dokumentationsmanager,2
Trainingsberater,2
Patrouilleur,2
Kardiotechniker,2
Zahnarztassistent,2
Karosseriespengler,2
Schwesternpfleger,2
Cybersecurity-Experte,2
Modellierer,2
Facility-Manager,2
Umweltmanager,2
Assistenzärztin/Arszt,2
Belagsarbeiter,2
Anfangskader,2
Aktivierungsmitarbeiter,2
Nebenjobber,2
Souschef,2
Freileitungsmonteur,2
Medizinischer Leiter,2
Dispositionsmitarbeiter,2
Prozessplaner,2
Marketingfachfrau/Mann,2
Brauer,2
Arbeitssicherheitsexperte,2
Mess- und Prüftechniker,2
Installateur de chauffage,2
Qualifikationsexperte,2
Barmann,2
Systemintegration-Spezialist,2
Penetrationstester,2
Zustellerin,2
Gebäudeverwalter,2
Applicateur,2
Netzwerk-System-Engineer,2
Triebfahrzeugführer,2
Instandhaltungsmanager,2
Design-Engineer,2
Praxisassistentin/Praxisassistent,2
E-Commerce-Spezialist,2
Student Assistant,2
Schulpsychologe,2
AGS/SRK,2
Holzbauzeichner,2
IT-Sicherheitsfachmann,2
Mechanikerteamleiter,2
Reinraummitarbeiterin,2
Abwäschler,2
Linienleiter,2
Fachleiter,2
Mechanikerin,2
Gartenfachkraft,2
Sozialwissenschaftler,2
Bohrarbeiter,2
Geoinformant,2
Rangierfachmann,2
Chefarztin/Chefarzt,2
Support-Agent,2
IT-Sachbearbeiter,2
Facharbeiter Bau,2
Kühltechniker,2
Bediensteter,2
Werkzeugbauer,2
Fachkraft für Kinderbetreuung,2
Trocknungstechniker,2
Chefinfirma,2
Leiter Ingenieur,2
Autospengler,2
Schienenmonteur,2
Analytikerin,2
Bautechniker,2
Entwässerungstechniker,2
Aide soignante,2
Bauführerin,2
Präzisionsmechaniker,2
Grundstücksexperte,2
Support-Manager,2
Generalsekretärin/Generalsekretär,2
Privatlehrer,2
Wohnbereichsleitung,2
Fahrzeugdiagnosetechniker,2
Innovationsmanager,2
Schichtmechaniker,2
Verpackungsleiter,2
IT-Operativ-Experte,2
Exportmanager,2
Glasinstallateur,2
Chemielaborant,2
Behindertenbegleiter,2
Agenturleiter,2
Inbetriebnahmetechniker,2
Verkaufsperson,2
Rettungshelfer,2
Public Affairs Manager,2
Automation-Engineer,2
Qualitätsspezialist,2
Plattform-Inhaber,2
Business-Ingenieur,2
Tonmeister,2
Entwicklungsmitarbeiter,2
Praxisleiter,2
Kontrollfunktionär,2
Leistungsmanager,2
Schulbusfahrer,2
Syrius-Parametrierer,2
Personalmarketing-Manager,2
Zügelmann,2
Zugreiniger,2
Projekt-Spezialist,2
Speditionskauffrau,2
Farbberater,2
Behindertenbetreuer,2
Operationstechnikerin,2
Programmmanager,2
Hardware-Ingenieur,2
Exportfachfrau/Mann,2
Verkaufsadministration,2
Paysagist,2
Präsident,2
Marketing-Allrounder,2
Marktleiter,2
Chef de groupe,2
Unternehmensberater,2
Hydraulikfachmann,2
Kundentechniker,2
Station Manager,2
Tankstellenmitarbeiter,2
Unterhaltsmitarbeiter,2
Dateningenieur,2
Klinikchef,2
Personalwesen-Experte,2
Marketing-Teamleiter,2
Vertragsmanager,2
Innenarchitektin,2
Leiterin/Leiter des Produktionsbereichs,2
Esthéticienne,2
Verwaltungshelferin,2
Pflegesupporter,2
Pharmazeutische Assistentin/Assistent,2
Baustoffprüfer,2
DevOps-Entwickler,2
Leiter des Produktbereichs,2
Technischer Verkaufsingenieur,2
Dentalsekretärin,2
Verantwortlicher für Garnissage und Visitation,2
IT-System-Administrator,2
Postmitarbeiter,2
Gesundheitsberater,2
Juristische Praktikantin/Juristische Praktikant,2
Hörberater,2
Geomatiker,2
Leiter des Obst- und Gemüse-Departments,2
Operations-Mitarbeiter,2
Service-Ingenieur,2
Wohngruppenverantwortlicher,2
Assistenzlehrer,2
Organisationsberater,2
Business-Support-Mitarbeiter,2
Automobilfachperson,2
Landmaschinentechniker,2
Partnermanager,2
Gebäudewartung,2
Objektverwalter,2
Compliance-Manager,2
Store Manager,2
Kriminalbeamter,2
Immobilienmanager,2
Automatisierungsspezialist,2
Wächter,2
Feldsupporter,1
LVM-ASA,1
Validierungsmanager,1
Talent-Spezialist,1
Teamplayer,1
Conseiller en personnel,1
Datenbank-Entwickler,1
DRG-Manager,1
Psychiaterin/Psychiatre,1
Rettungswagenfahrer,1
Technik-Assistent,1
Qualifikationsmanager,1
Putzfrau/Putzmann,1
Pflegecontrolling,1
Berufsmaturitätsschullehrer,1
Büroverwalterin,1
Lieferant,1
Lernformate-Experte,1
Wasserbetreuer,1
Polymechanikerin,1
Gerätemechaniker,1
Wäscherei-Mitarbeiterin/Mitarbeiter,1
Objektmitarbeiter,1
Inbetriebsetzungstechnikerin,1
Tourismusfachfrau/Fachmann,1
Abwassertechniker,1
Saldatore,1
Servicefachfrau/Mann,1
Pflegerische/r Mitarbeiter/in,1
Netzwerk-Sicherheits-Engineer,1
Pflegerische Betreuerin/Pflegerischer Betreuer,1
Helfende Hand,1
Fachfrau/Gefälle,1
Notfallarzt,1
Pflegerische Betreuung,1
Staatsanwalt,1
Sozialversicherungsspezialist,1
Intelligenz-Spezialist,1
Umweltberater,1
Versorgungskettenkoordinator,1
Containerreiniger,1
Personalarchitekt,1
Treppenhausreiniger,1
Personalverleihmitarbeiter,1
Immobilienfachfrau/Mann,1
Pfleghelfer,1
Poolreiniger,1
Operational Leader,1
Elektrobauleiter,1
Institutsleiter,1
Gesundheitsmanager,1
Krankenkassenmitarbeiter,1
Night Manager,1
Klinikleiter,1
Objektschützer,1
Admissionsmitarbeiter,1
Kundenservice- und Account-Manager,1
Apparateinstallateur,1
Packmanager,1
Haushaltshelferin,1
Reservations Supervisor,1
Nachhaltigkeitsanalyst,1
Technischer Verantwortlicher,1
SAP-Modulbetreuer,1
Hundecoiffeur,1
Uhrmacher,1
Kundenadministrator,1
IT-Beschaffer,1
Förderungsreferent,1
Fahrbahnwart,1
Assistante de direction,1
Sustainability Manager,1
Offizier,1
Lounge-Mitarbeiter,1
Technischer Analyst,1
Personalentwicklungsmitarbeiter,1
Eventmanagerin,1
Interventionsmitarbeiterin,1
Fitter,1
Handtherapeut,1
Finanz- und Personalverantwortlicher,1
Coaching-Assistent,1
Farbmischer,1
UX/UI-Designer,1
Französischlehrer,1
Ladenleiterassistent,1
Kunsttherapeut,1
Kontrollsystem-Engineer,1
Business-Entwicklungsvertreter,1
Warengruppenmanager,1
Grössen-Ingenieur,1
Bohrer/Fräser,1
Mosaikleger,1
Flexodrucker,1
Assurance-Mitarbeiter,1
Stagiaire HR,1
Leiter Entwicklung,1
Prozessfachfrau,1
Content-Marketing-Manager,1
Leiter Qualitätsmanagement und Arbeitssicherheit,1
Service-Desk-Mitarbeiter,1
Neu in der Berufswelt,1
Puliziere,1
Vermarkter,1
Hauspfleger,1
Wohnhausleiter,1
Pumpenfachmann,1
Gypsothérapeute,1
Kommunikationsassistent,1
Agrarhandelsmitarbeiter,1
Bâtimenteur,1
Gipsfachfrau/Gipsfachmann,1
Flugtechniker,1
Automations tester,1
Wellnessberater,1
Pflegfachfrau,1
Betriebspersonal,1
Arbeitsvermittler,1
Kontrollverteiler,1
Lernende,1
Bewirtschaftungsmitarbeiter,1
Pompiere,1
Polizeileiter,1
Schultrainer,1
Event-Controller,1
IT-Betreuungsfachmann,1
IT-Support-Techniker,1
Pharmacien,1
Regulierungsberater,1
Geothermie-Techniker,1
Dreitannenleiter,1
Craniosacraltherapeut,1
Gussasphaltfachmann,1
Verkaufmitarbeiterin,1
Patientenbegleiter,1
Speditionsfachkraft,1
Schweißtechniker,1
Wissenschaftlicher Leiter,1
Markenstratege,1
Laser-Gravierer,1
Eis- und Badmeister,1
CRM-Assistent,1
Reviermitarbeiter,1
Laserbediener,1
Spachtler,1
Kunstmalerin,1
Tendermanager,1
Elektromotorenwickler,1
Sanitäranlagenmonteur,1
Kälte- und Heizungstechniker,1
Ablade-Mitarbeiter,1
Landwirtschaftlicher Mitarbeiter,1
Elektromaschinenbauer,1
Netzwerkarchitekt,1
Auxiliaire de soins,1
Mechanikpraktiker,1
Notarzt,1
Ersatzteilarbeiter,1
Sushikoch,1
Straßenpolier,1
Gewässerschützer,1
Energiefachmann,1
Sicherheitsagent,1
Distributionslogistiker,1
Kommunikationsbeauftragter,1
IT-Sicherheitsverantwortlicher,1
Schulverantwortlicher,1
Export- und Importfachfrau/Fachmann,1
Forschungskoordinator,1
Prorektor,1
Informatik-Leiter,1
Lkw-Mechaniker,1
Marketing-Projektleiter,1
Versicherungsspezialist,1
Découpeuse,1
Produktprüfer,1
Kapazitätsmanager,1
Versorgungsassistent,1
Mobile Pflegedienstleisterin,1
Radioonkologe,1
Praxisperle,1
Vertriebscontroller,1
Drehprofi,1
Nähmaschinenmechaniker,1
Veranstaltungsleiter,1
Ferienaushilfe,1
HR-Praktikant,1
Baubürochef,1
System-Netzwerk-Experte,1
Paketkoordinator,1
Apothekenhelfer,1
Biomedizinische Analytikerin/Analytiker,1
Qualitätssicherungskraft,1
Boden- und Parkettleger,1
Museumsmitarbeiter,1
Stationsassistent,1
Business Transformation Manager,1
SAP-Berater,1
Routenplaner,1
Leiter der Betriebsabteilung,1
Außenhandelskoordinator,1
Bibliothekarin/Bibliothekar,1
Direktionssekretär,1
Masseurin,1
Video-Produzent,1
Gartenmaurer,1
Bauspengel,1
Rangierfahrer,1
Fahrzeugpräparator,1
Rechenzentrumstechniker,1
Drone-Assemblageur,1
Wissenschaftliche Mitarbeiter,1
Secondhand-Spezialist,1
Straßenverkehrstechniker,1
Unterkunftsmanager,1
Warenannahme-Mitarbeiter,1
Verkaufsverwaltung,1
Logistik-Verantwortlicher,1
Konvoiführer,1
Musikleiter,1
Kundenservicechef,1
Technologie-Offizier,1
Technische Allrounderin/Technischer Allrounder,1
Flugbegleiter,1
Exportkoordinator,1
Automationsprogrammierer,1
Prozesssteuerungsinspektor,1
Marketing- und Event-Manager,1
Recruiting Manager,1
Pädagogische Assistenz,1
Energiefachfrau/Mann,1
Personalreferentin,1
Entwicklungsspezialist,1
Sourcing Manager,1
Recycling-Beauftragter,1
Hotellerie-Hauswirtschaftlerin/Hauswirt,1
Game-Engineer,1
Fischfachmann,1
Kommunikationspraktikant,1
Verkehrspolizist,1
Funktionsicherheitsingenieur,1
Beratender,1
Betriebschemiker,1
Züchter,1
Planverwalter,1
Badminton Trainer,1
Verkaufs-Spezialist,1
IT-Ingénieur,1
Prüfstandsmechaniker,1
AssistenzLeitung,1
Parfümer,1
Fleischproduktionsmitarbeiter,1
Klimatisierungstechniker,1
Bildungsforscher,1
Make-up-Künstler,1
Fräsmaschinen-Bediener,1
Bauleiterin,1
Bauzeichnerin,1
Einschaler,1
Vitrage-Techniker,1
Aufzugsmonteur,1
Patientenservice-Mitarbeiter,1
Walzenmaschinenbediener,1
Technischer Betriebsleiter,1
Reinigungsfachperson,1
Assistante technique,1
Bürokauffrau/Bürokaufmann,1
Windows-Engineer,1
Facility Allrounder,1
Strategieberater,1
Gesundheitsökonom,1
Anforderungsbetreuer,1
Spritzgussmechaniker,1
Bauinspektor,1
Baubauer,1
Support-Leiter,1
Pharmatechniker,1
Bestellbearbeiter,1
Juristische Mitarbeiterin/Juristischer Mitarbeiter,1
Produktbetreuer,1
System- und Netzwerkspezialist,1
Hardware-Techniker,1
Studienreferent,1
Diplom-Hochschullehre,1
Pflegeleiterin,1
Gouverneur,1
Daten-Operations-Spezialist,1
Salumer,1
Elektromotoren-Instandhalter,1
Freiraumplaner,1
Metallfachmann,1
Medienmitarbeiter,1
Geschäftsbereichsleiter,1
System- und Netzwerkadministrator,1
Schulärztin/Schularzt,1
Infrastrukturmitarbeiter,1
Mediamanager,1
Software-Paketer,1
Kampagnenmanager,1
Metallbauexperte,1
Kanalmitarbeiter,1
Baugerätewart,1
Sekretär-Kontorist,1
Patientenbetreuerin,1
Étudiant,1
Bistro-Leiter,1
Nageldesignerin,1
Glasapparatebauer,1
Speditionskaufmann/Speditionskauffrau,1
Karosserie-Lackierer,1
Maschinenbauexperte,1
Augenoptikerin/Augenoptiker,1
Einschleuser,1
Pflegestudentin/Pflegestudent,1
Metallbauzeichner,1
Storist,1
Codiererin,1
Instandhaltungsspezialist,1
Diététiste,1
Chef de Service,1
Leiter Elektrotechnik,1
CSV-Spezialist,1
Patent-Ingenieur,1
Payroll-Experte,1
Payroll-Spezialist,1
System-Validierer,1
Dispositionsspezialist,1
Aspirant,1
Fischhändler,1
Braumeisterassistent,1
Tarif-Spezialist,1
Stanzenfachmann,1
Eismeister,1
Hôtelier,1
Brauerei-Mitarbeiter,1
Montagewerkstattmitarbeiterin,1
Bäckereileiter,1
Lebensmitteltechniker,1
Kanalarbeiter,1
Diplomverantwortlicher,1
Fachmann/Fachfrau Gesundheit,1
Architektzeichnerin,1
Zugverkehrsleiter,1
Cloud-Administrator,1
Brockenhausarbeiter,1
Sozialarbeiterin,1
Farblaborant,1
Assistent des CEO,1
Einrichtungshelfer,1
Projektbegleiter,1
Client-Engineer,1
Therapeutischer Leiter,1
Medizinisch-technische Radiologe,1
Compliance-Spezialist,1
IT-Service-Engineer,1
IT-Infrastruktur-Manager,1
Augenpflegerin,1
Drehermeister,1
Wäscheversorgerin,1
Malergeselle/Maler,1
Schaltkoordinator,1
Gastgeberleiter,1
Zytologieassistent,1
Haushaltsleiter,1
Technikkoordinator,1
Marketing-Repräsentant,1
Kampagnenmitarbeiter,1
Empfangsleiter,1
Schiffsverkehrskommissionär,1
Patientenbegleiterin,1
Governance Manager,1
Softwareberater,1
Bewässerungsspezialist,1
Recruiting-Assistent,1
Aquarianer,1
Finanzmanager,1
Kontaktmann,1
Arbeitsverwaltungsfachmann,1
Tester,1
Mandatsleiterin,1
Schriftführer,1
Krankenversicherungsangestellte,1
Kantor,1
Mitglied der Geschäftsleitung,1
Waagmeister,1
DevOps-Ingénieur,1
Automationsexpert,1
Kalkulationsmitarbeiter,1
Alarmzentrummitarbeiter,1
Fahrzeugtester,1
Hausleiter,1
Dietetiker,1
Mediaplaner,1
Pfändungsbeamter,1
Netzwerk-Architekt,1
Labor-Techniker,1
IT-Service-Desk-Engineer,1
SharePoint-Engineer,1
Buchhalter und Personalverantwortlicher,1
Daten-Sicherheits-Experte,1
Intensivpflegerin/Experte,1
Servicefahrer,1
Ausstellungsmacher,1
Assistante sociale,1
Asphalter,1
Logistik- und Beschaffungsführer,1
Pferdefachmann,1
Anlagenwarter,1
Pressemitteilungsverantwortlicher,1
Tragehilfe,1
Netzwerk- und Cloud-Engineer,1
Spitex-Controller,1
Montage-Sachbearbeiter,1
Amtsleiter,1
Forensischer Berater,1
IT-Sicherheitsadministrator,1
Geographielehrer,1
Energiedistributor,1
Rechenzentrumsexperte,1
Finanzexperte,1
Leiter Ausbildung,1
Kadriererin,1
Technische Kauffrau/Mann,1
Restaurantfachperson,1
Event- und Bildungsmanager,1
Claims-Experte,1
Gestionnaire de propriété,1
Schiffsmanager,1
Kommissioniermitarbeiter,1
Soin à domicile,1
Vollzugsbeamter,1
Befunder,1
IT-Prozessmanager,1
Intendant,1
Produktionslogistiker,1
Raumgestalter,1
Nasslackierer,1
Architektenvermittler,1
Koordinationsinfirmier,1
Kundencareberater,1
Dreherleiter,1
QHSE-Verantwortlicher,1
Fernsprecher,1
Bieger,1
Gestionnaire,1
Claims Manager,1
Service- und Wartungstechniker,1
Controllingmitarbeiter,1
Schulsekretariat,1
Betriebskoordinator,1
Luftfrachtspezialist,1
Visuelle Merchandiser,1
Verkaufsterminator,1
Elektroniktechniker,1
Atemschutzgerätewart,1
Magaziner,1
Sozialassistentin,1
Marktexperte,1
Versorgungskettenexperte,1
Studentenberater,1
Telemedizin-Konsultant,1
Prozessdesigner,1
Backend-Entwickler,1
QMSpezialist,1
Echaudeau,1
Backwerk-Assistent,1
Kaufmännische Lehrling,1
Wäscherei-Mitarbeiter,1
Paket-Sortiermitarbeiter,1
Warenprüfer,1
Primärstufe,1
Beschaffungscontroller,1
Asset Manager,1
Produktioncontroller,1
Metall-Reparateur,1
Aluminiumschweißer,1
Leistungsverantwortlicher,1
Innovation-Manager,1
Drehmaschinenführer,1
Fachperson Hauswirtschaft,1
IT-Teamleiter,1
Naturwissenschaftler,1
Cafeteria-Mitarbeiter,1
Mess- und Regeltechniker,1
Packaging Designer,1
QM-Spezialist,1
Löhne-Verantwortlicher,1
Sicherungstechniker,1
Desinfektionsfachfrau,1
Reifenmanager,1
Maitre d'hôtel,1
Kafka-Engineer,1
Leiter des Gemüse- und Obst-Departments,1
Import-Sachbearbeiter,1
Obstannahme-Mitarbeiter,1
Mostereihelfer,1
Autoverkäufer,1
Hardware- und Firmware-Entwickler,1
Démouleur-Mécanicien,1
Signaltechniker,1
Niederlassungsassistent,1
Laborchef,1
Zierpflanzengärtner,1
Kundengärtnerin,1
HSE-Ingenieur,1
Ladearbeiter,1
Pool-Mitarbeiter,1
Tierhalter,1
Sensormitarbeiter,1
Schulsekretariatsmitarbeiter,1
Ausbildungsbeauftragter,1
Schräuberschlosser,1
Materialdisponent,1
Zivilschutzinstruktor,1
Rangierbegleiter,1
Kompressor-Spezialist,1
Arbeitsplatz-Spezialist,1
Maschineneinrichter,1
Leiter Kommunikation,1
Schweisstechniker,1
Montagefachmann,1
Versicherungsbegleiter,1
Avioniktechniker,1
Pikettmitarbeiter,1
Optikerin,1
Baufachmann,1
Lagerarbeiterin,1
Business Development Manager,1
Codierer,1
Fahrzeughandler,1
Fleischfachmann/Frau,1
Betonfertiger,1
Gruppenleiterin,1
Digital-Experte,1
Compliance-Experte,1
General Manager,1
Lernende/r,1
Bauwart,1
Studiencoach,1
Abfallfachfrau/Fachmann,1
Klinikleiterin/Klinikleiter,1
Versorgungschef,1
Fassadenkonstrukteur,1
Laboratoriumsassistent,1
Pflegedienstmitarbeiterin,1
Texter,1
Patientenverantwortliche/r,1
Kaufmännische Sachbearbeiter,1
Kategorienentwicklungsmanager,1
ERP-Supporter,1
Zeitexperte,1
Personalplaner,1
Angestellter,1
Architekturprojektmanager,1
Sortimentsplaner,1
Medizinische Fachfrau/Fachmann,1
Lohnverwalter,1
Klärwerkmitarbeiter,1
Verkaufsrekrutierter,1
Identitätsverwaltungsspezialist,1
Personaleinsatzplaner,1
Arbeitssicherheitsfachkraft,1
Bedarfsplaner und Einkäufer,1
Agrarspezialist,1
Werkstoff-Handwerker,1
Güterverkehrsexpert,1
Dekolleteur,1
Überwacher,1
Datenschutzbeauftragte,1
Stoma- und Kontinenztherapeut,1
Zollabwickler,1
Hotellerie-Manager,1
System-Architekt,1
Spenglerpolier,1
Sanitär-Heizungsinstallateur,1
Sexualpädagoge,1
Operativplaner,1
Produktemanager,1
Netzwerkberater,1
Schaltwerker,1
Gartenpfleger,1
Expediteur,1
Regelungstechniker,1
Strassenmeister,1
Verkaufskoordinator,1
Ärztlicher Leiter,1
Payroll-Leiter,1
Servicechef,1
Kostenabrechnungsmitarbeiter,1
Lebensmittel-Sicherheitsbeauftragter,1
Pre-Sales-Engineer,1
Schadstoffdiagnostiker,1
Geografische Informationswissenschaftler,1
Analyzeur,1
Technische Leitung,1
Mitglied des Vorstands,1
Bahnwärter,1
Thermiker,1
Versuchsmechaniker,1
Beratung,1
Redaktionsmitarbeiter,1
Informationsagent,1
Lösarchitekt,1
Kunststoffverarbeiter,1
Controlling-Experte,1
Fahrstromexperte,1
Sonderfachmann,1
Hausmädchen,1
Verkaufs- und Exportkoordinator,1
Kommunikationsverantwortlicher,1
Traumjob,1
Leiter der Administration und Finanzen,1
Gesundheitsfachmann/Gesundheitsfachfrau,1
Onboarding-Manager,1
Kommissionierte,1
Werkstattmechaniker,1
Objektbewacher,1
Bausoftware-Spezialist,1
Holzingenieur,1
Blechbearbeiter,1
Kunststoffingenieur,1
Ernährungsberaterin,1
Gartenfachmann,1
Personalrecruiter,1
Filialmitarbeiter,1
Schulsozialpädagoge,1
Entwicklungsleiterin,1
Marken- und Mustermacherexperte,1
Anlassleiter,1
Palliativfachmann/Frau,1
Bid Manager,1
Daten-Spezialist,1
Betreibsassistent,1
Revierbewachungsspezialist,1
Arzneimittel-Sicherheits-Experte,1
Methode-Experte,1
Identitätssicherheitsingenieur,1
Export-Import-Spezialist,1
Kundensupport-Trainee,1
Technologeingenieur,1
Integrationsspezialist,1
Entwickler und Projektmanager,1
Systembetreuer,1
Taxifahrer,1
Technikerleiter,1
Stationärer Pflegedienstleiter,1
Agogiker,1
Lagerverantwortlicher,1
Innendekorationsnäher,1
Fundraising-Assistent,1
Sandwich-Macher,1
Datenintegrations-Experte,1
Bodyguard,1
Haushälterin,1
Schweissroboter Programmierer,1
Kulturverantwortliche,1
Archivär,1
Koordinatorin,1
Jagdverwalter,1
Bildungsverwaltungsmitarbeiter,1
Verkaufs- und Kundenservice-Mitarbeiter,1
Governance-Manager,1
Prüffeldtechniker,1
Produktionplaner,1
Chef de nettoyage,1
Verkehrsingenieur,1
Arealverwalter,1
Lean-Management-Experte,1
Löhne- und Gehaltsverantwortlicher,1
Fahrzeugbediener,1
Laminierer,1
Schiffsleiter,1
Qualitätssicherer,1
Schaltanlagenleiter,1
Geschäftsleiterin,1
Bewässerungstechniker,1
Recruteur,1
Innovation-Projektleiter,1
Innovation Coach,1
Beschaffungsassistent,1
Intendanzverwalter,1
Rohstoffmanager,1
IT-Sicherheits- und Netzwerk-Engineer,1
Springer,1
Gesundheitsassistent,1
Institutionsleiter,1
Gastbetreuung,1
Holzschleifer,1
Cloud-Infrastruktur-Spezialist,1
Business-Lösungsdesigner,1
CISO,1
Controlling-Spezialist,1
Sicherheitskoordinator,1
Verkaufspersonal,1
Bohrfahrer,1
Spécialiste,1
Technischer Bereichsleiter,1
Bauvermessungsleiter,1
Soziale Medien-Designer,1
Apprenti(e) Informatiker,1
Agrarberater,1
Gartenmaschinist,1
Finanzfachfrau,1
Dentalhygienist,1
Technischer Administrator,1
Suchexperte,1
Labor-Informationssystem-Verantwortliche,1
Junior-Programmierer,1
Studentenjobber,1
Marketing- und Kommunikationsmanager,1
Technischer Illustrator,1
Lehrstuhlinhaber,1
Zaunbauer,1
Modellmacher,1
Supply-Chain-Spezialist,1
Immobiliencontroller,1
Immobilienakquisiteur,1
Güterspezialist,1
Fachfrau/Gesundheitsmann,1
Patientenbeziehungsmanager,1
Verpackungsmanager,1
LeiterInformatikprüfungen,1
Leiterin des Soins,1
Technischer Designer,1
Business-Analytiker,1
Anlageverantwortlicher,1
Rettungswagenfachmann/Frau,1
Messspezialist,1
Ersatzteillagermitarbeiter,1
Sanitärintendant,1
Systemanalyst,1
Messfachmann,1
Poseur de chapes,1
Pflegerische Mitarbeiterin,1
Orthoptistin,1
Fahrzeugprüfer,1
Netzwerk- und Systemmanager,1
Motorentechniker,1
Wagenreiniger,1
Ordermanagement-Experte,1
Produktdatenmanager,1
Physiklehrer,1
Elektroexperte,1
Technischer Facility Manager,1
Kompostberater,1
Ärztlicher Berater,1
Marketing- und Fundraising-Leiter,1
Entwässerungstechnologe,1
Skiläufer,1
Pistenfunktionär,1
Flyer-Verteiler,1
Einkaufsassistenz,1
Leiter der Produktionsplanung,1
Ärztlicher Mitarbeiter,1
Pflegende Angehörige,1
Fachperson OT,1
Montage- und Servicetechniker,1
Sicherheits- und Qualitätsingenieur,1
IT-Fachmann/Fachfrau,1
Sonograph,1
Demenager,1
Koordinationsmitarbeiter,1
Physiotherapeutin,1
Grilleur,1
Kontrollfrau,1
Objektmanager,1
Schreinermeister,1
Straßenverkehrskontrolleur,1
Verkaufspraktiker,1
Gusstechniker,1
Werbeleiter,1
Tierhalter-Agent,1
Niederlassungsleiter,1
Kulturmediator,1
Fensterersteller,1
Betriebsarbeiter,1
Fachkraft für Datenverarbeitung und -speicherung,1
Schulungsleiter,1
Livrable,1
Paketlieferant,1
Digital Transformation Manager,1
Leiter von Baustelle,1
Kleidungsverkäufer,1
Esthetician,1
Haushaltspersonal,1
Marbrierer,1
OP-Koordinator,1
Automations-Spezialist,1
Mischerei-Mitarbeiter,1
BIM-Manager,1
Apparate-Reparateur,1
Cloud-Plattform-Engineer,1
Zeitplanregisseur,1
Fromagerie-Chef,1
Brandschutztechniker,1
Flottenmanager,1
Emergency Care Expert,1
Tierärztin/Tierarzt,1
Pépiniériste,1
Betreuungsfachperson,1
Schweisskoordinator,1
IT-Infrastrukturkoordinator,1
Depotleiterin,1
Zollbeamter,1
Business Controller,1
Blechverarbeiter,1
Schulwärter,1
Soziokulturelle Animationsfrau/Mann,1
Sozialpädagogin/Pädagoge,1
Kartograf,1
Daten- und Prozessmanager,1
Außendienstmitarbeiter,1
Implementationsmanager,1
Versicherungsexperte,1
Assistent der Geschäftsführung,1
Kaffeeausbilder,1
Kranmonteur,1
Gaslecksucher,1
Pädagogischer IT-Supporter,1
Polygraphist,1
Netzarchitekt,1
Medizinischer Service-Ingenieur,1
Digital Business Engineer,1
Uhrenpolierer,1
Wasserwärter,1
Haustechnikerberater,1
SAP-Prozessmanager,1
Betreuungshelferin/Betreuungshelfer,1
Ausbildungsberater,1
Konzernzeichner,1
Flughafenmitarbeiter,1
Zulieferer,1
Kaufmännischer Allrounder,1
Betriebssicherheitsbeauftragter,1
Laboratoriumassistent,1
E-Mail-Marketing-Manager,1
Schulverwaltung,1
Preisgestalter,1
Pflegefachman/Pflegefachfrau,1
Leiter der Bildung,1
Radiologie-Techniker,1
Rekruiter,1
Arbeitsplatzmanager,1
Baustellenlogistiker,1
Helpdesk-Techniker,1
IT-Trainer,1
Automatikspezialist,1
Diabetesfachberater,1
Produktionsarbeiter,1
Artikelbearbeiter,1
Dispatching-Mitarbeiter,1
Marktforscher,1
Pilates-Instrutor,1
Studioleiter,1
Tank-Sicherheits-Experte,1
Bahnmeister,1
Systemgastronom,1
Prozessbegleiter,1
Räderhotel-Leiter,1
Gepäcksortiererin/Gepäcksortierer,1
Klinischer Fachmann,1
Beschaffungsleiter,1
Sozialpsychiater,1
Ersatzteilberater,1
Femme de Chambre,1
Laser-Entwickler,1
Bauherr,1
Betriebsingenieur,1
Operational Excellence Leader,1
Transport-Logistik-Offizier,1
Bürgerservice-Verantwortlicher,1
Agrarmitarbeiter,1
Chirurgien,1
Landwirtschaftlicher Angestellter,1
Schlüsselmacherin,1
Drehwerkstattmeister,1
LIS-Betreuer,1
Teigmacher,1
Helpdesk-Mitarbeiter,1
Kaufmännischer Angestellter,1
Kaufmännische Praktikantin,1
Motorradmechatroniker,1
Konvertionsrate-Optimierer,1
Teilepreisexperte,1
Elektroplanerin,1
Pädagogische Fachperson,1
Pulitrice,1
Gestalter,1
Indoor-Grower,1
Portfolio-Manager,1
Fällegname,1
ICT-Fachmann,1
Platzwart,1
Produktkoordinator,1
Ergotherapeutin/Ergotherapeut,1
Delegierter,1
Bahnhelferin,1
Infrastrukturdesigner,1
Berufsspezialist,1
Revierbewacher,1
Mécanicien-programmeur,1
Methode-Agent,1
Technologie-Manager,1
Schienenersatzmitarbeiter,1
HR-Sachbearbeiterin,1
Schulleiterin/Schulleiter,1
Co-Leiter,1
Betonbauer,1
Psychoonkologe,1
Museumsdirektor,1
Schadenreguliererin/Regulierer,1
Anwendungsbesitzer,1
Baukontrolleur,1
Geschäftsinhaber,1
Bildungsexpert,1
Healthcare-IT-Spezialist,1
Lüftungstechniker,1
Fachexpertin,1
Reifenwechsler,1
SAP-Sachbearbeiter,1
Sportphysiotherapeutin/Sportphysiotherapeut,1
Postangestellter,1
Workflow-Experte,1
Lean-Experte,1
Kaufmännische Sachbearbeiterin/Sachbearbeiter,1
Netzwerkmanager,1
Testtechniker,1
Grundwasserexperte,1
Benutzungsexperte,1
Fage,1
IT-Sicherheitschef,1
Psychiaterische Pflegerin/Pfleger,1
Leiter von Abteilungen,1
Zeichner-Konstrukteur,1
Fischverarbeitungstechniker,1
Baumfäller,1
Stellenwerber,1
Gewerkschaftsmitarbeiter,1
Kohlebetriebsleiter,1
Leiter Qualifizierung,1
Spitexfachfrau/Fachmann,1
Controllingberater,1
Sicherheitsbeauftragte,1
Facility Management Koordinator,1
Technico-commercial,1
Programmiererin/Programmierer,1
Leiter Dekoration,1
Roboter-System-Manager,1
Marketing- und Kommunikationsleiter,1
Verkaufs- und Serviceassistent,1
Büroassistentin,1
Event-Teammitglied,1
Peintre,1
Technischer Lösungs-Spezialist,1
Studenten-Rekrutierung,1
Hardware-Test-Ingenieur,1
Nachverkaufschef,1
Pflegemitarbeiter,1
Hilfsdienstleiter,1
Kommandant,1
Energieversorger,1
Bootsmechaniker,1
CSR-Leiter,1
Cloud-Consultant,1
Gastgeber und Vizedirektor,1
Reifenlagermitarbeiter,1
Data Quality Manager,1
Automobil-Fachkraft,1
Bohrmaschinist,1
Dietologe,1
Délégué des soins,1
Falkner,1
Hilfeservice-Leiter,1
Praxisausbilder,1
Technischer Redakteur,1
Systemeigentümer,1
Bohrmeister,1
Asset- und Projektmanager,1
Schadenleiter,1
Micromécanicien,1
Futterproduzent,1
Operationsfachmann,1
Mechanik-Teamleiter,1
Operations-Offizier,1
Technicien chantier,1
Mitgliederbetreuer,1
Q-Techniker,1
Nachrichtenoffizier,1
Exportfachfrau,1
Betriebswirtschaftler,1
Unterhaltsberater,1
CNC-Fräser,1
Leiter Finanzen und Personal,1
Scrum-Master,1
Medizinisch-technische Fachkraft,1
Test- und Projektmanager,1
Uhrenproduzent,1
Kundenimplementierungsmanager,1
Flugzeugbesatzungsmitglied,1
Bauhilfskraft,1
Psychiaterin,1
Stagemanager,1
Service-Desk-Leiter,1
Laufbahnler,1
Datenbankverwalter,1
Notariatsangestellte,1
Berufsinformationsmitarbeiter,1
Zugbegleiter,1
Reinigungskontrolleur,1
Kunstlehrer,1
Piscinist,1
Parquetschreiner,1
Rohstoffkontrolleur,1
Fahrzeugglasspezialist,1
Ernährungsspezialist,1
Ersatzteilverwalter,1
Einkaufsberaterin,1
Sonderist,1
Technischer Fachmann,1
Geschäftsstellenleiterin,1
Vorpraktikant,1
Datenverarbeitung,1
Büroberater,1
Kundenservice-Manager,1
Boutiquenachwuchs,1
Geschmacksexperte,1
Projekt-Koordinator,1
Heilpädagogiker,1
Technischer Objektbetreuer,1
Chef de rang,1
Ernährungsexpert,1
Beratungshelfer,1
Serviceshilfskraft,1
Kundensupport-Spezialist,1
IT-Infrastrukturtechniker,1
Elektrofahrzeug-Spezialist,1
Krankenhaussekretär,1
Calculateur,1
Brandschutzmitarbeiter,1
OP-Techniker,1
Schwesternpflegerin,1
Grundbuchinspektor,1
Kulturschaffender,1
Technischer Verkaufsmitarbeiter,1
Schäler,1
Gemeindeleiter,1
Finanzchef,1
Tankrevisor,1
Netzwerk- und Infrastruktur-Engineer,1
Estetiker,1
Malakowski,1
Versandmitarbeiterin,1
Landwirtschaftsmechaniker,1
IT-Fachperson,1
Technischer Lösungsingenieur,1
Pre-Sales-Ingenieur,1
Marketing-Experte,1
Projektrealisator,1
Kategorieleiter,1
Juristische Praktikantin,1
Kunstofftechniker,1
Schafzüchter,1
Heizkostenexperte,1
Formationsexpert,1
Futtermüller,1
Kleber,1
Verantwortliche,1
Anschlussmanager,1
Sozialtherapeut,1
Kartellagerist,1
Zimmerservicekraft,1
Operationsleiter,1
Monitoring- und Support-Leiter,1
Dampfmaschinist,1
Aufzugsreparateur,1
Notruf-Disponent,1
Automationsupport,1
Pädagogischer Leiter,1
Eisenbahnfachmann,1
Gastropfleger,1
Vertriebler,1
Ökonom,1
Kundenbegleiter,1
Sensorspezialist,1
Krankenhausleiter,1
Inseratenverkäufer,1
Gemeindeverwalter,1
Modulverantwortliche,1
Ordnungsdienst,1
Verkaufs- und Projektmanager,1
Wartungsteammitarbeiter,1
Kanal- und Geschäftsentwickler,1
Technischer Geschäftsführer,1
Verkaufs- und Lieferverantwortlicher,1
Vertriebsmitarbeiterin,1
Equipier,1
Lichtplanerin,1
Medizinischer Reviewer,1
Trainee Projektmanager,1
Baubetriebsleiter,1
Hauswirtschaftslehrer,1
Bauaufsichtsbeamter,1
Gastronomie-Verantwortlicher,1
Kundenterminvereinbarung,1
PR-Spezialist,1
Studienhelferin/Studienhelfer,1
Géomètre,1
Pflegefachverantwortliche,1
Firmware-Engineer,1
Frontend-Entwicklerin,1
Care-Koordinator,1
Apprenti-Storiste,1
Verarbeitungs- und Export-Spezialist,1
Baukostenplanerin,1
Managementberater,1
Montageplaner,1
Informatikleiter,1
Software-Ingénieur,1
IT-Systemadministrator,1
Karriereanfänger,1
Verkehrsleittechniker,1
Kulinarischer Mechaniker,1
Assistante/Assisteur,1
Bildungskoordinator,1
Hausfrau,1
Diensthundführer,1
Asset- und Transaktionsmanager,1
Produktions- und Konservierungsspezialist,1
Lager- und Verteilungsspezialist,1
Planungsbearbeiter,1
Microsoft-Experte,1
Montage- und Auslieferungstechniker,1
Technik-Supporter,1
Import-Manager,1
CMS-Verantwortlicher,1
Markenexperte,1
Assistenz-Psychologe,1
Test- und Validierungsexperte,1
Gebäudeanalyst,1
Pflegerische Fachfrau/Fachmann,1
Vertragsverwalter,1
Service-Center-Mitarbeiter,1
Elektronikingenieur,1
Marketing- und Vertriebsmitarbeiter,1
Hygieneexperte,1
Zeichnungsverwalter,1
Rohrlegerin,1
Forschungskraft,1
Anwaltshelfer,1
Vollzugsangestellte,1
Diplom oder Fachgehilfe,1
Mobilitätsberater,1
Spezialreiniger,1
Découpeur,1
Cloud-Operator-Engineer,1
Pflegefachfrau/Pflegemann,1
Regionalplaner,1
Montage-Elektriker,1
Industriemechatroniker,1
Mauerwerker,1
Vizedirektor,1
Werkleiter,1
Trainingsassistent,1
Messleiter,1
Abwicklungsleiter,1
Immigrationsfachmann,1
Applikationsverwalter,1
Décolleteur,1
Milchbeschaffer,1
Produktsicherheitsmanager,1
Kategorienleiter,1
LeiterEntwicklung,1
Chef d'unité,1
Plattform-Owner,1
Prüfmittelverantwortlicher,1
Stadtführer,1
Plâtrier,1
Materialwissenschaftler,1
Tapissier,1
Bauökonom,1
Hotellerie-Assistent,1
Bauphysiker,1
Zimmerservice-Mitarbeiter,1
Projektassistentin,1
Tunneltechniker,1
Inbetriebsetzungsingenieur,1
Électromécanicien,1
Verpackungsmittelsteller,1
Technischer Vertriebsingenieur,1
Integration-Engineer,1
Schaffner,1
Hygiéniste,1
IT-Asset-Manager,1
Betonexperte,1
Optischer Ingenieur,1
Bäderkassentester,1
Vertriebsassistent,1
Boutiqueleiter,1
Klinischer Angelegenheitsmanager,1
Elektro- und Steuerungstechniker,1
Gleisbauarbeiter,1
Notfall-Offizier,1
Produktionsfachmann,1
Einkaufs- und Logistikmanager,1
Konzipent,1
Technicien médical,1
Diplom-Fachfrau/Fachmann,1
Krantechniker,1
Verfahrens- und Qualitätsspezialist,1
Wassertechniker,1
Fallführer,1
Eingliederungsassistent,1
Anwältin,1
Dokumentationsverantwortlicher,1
CRM-Supporter,1
Leiter der Ausbildungszentren,1
Schischulleiter,1
Vertrauensärztin/Aerzt,1
Aufsichtsmitarbeiter,1
Support-Koordinator,1
Rechtsingenieur,1
Modellbauer,1
Systemtechnikerin,1
Objektberater,1
Bewegungstherapeut,1
Verkaufs- und Projekt-Ingenieur,1
Informatikerin/Informatiker,1
Beton-Spezialist,1
Kundensupportspezialist,1
Produktsprecher,1
Berater und Verkäufer,1
Chemietechniker,1
Crew-Mitglied,1
Pharmassistent,1
Energiemanagement-Spezialist,1
Instandhaltungskoordinator,1
Schreinerin,1
AGS oder FaGe,1
Arbeitsgestalter,1
Carrosserier,1
Chirurgische Fachfrau/Fachmann,1
Kochspezialist,1
Angebotsmanager,1
Gastroenterologe,1
Übergangslösung,1
IT-Infrastrukturmitarbeiter,1
Service- und Reparaturreparateur,1
Technischer Aussendienstmitarbeiter,1
Schiffssteuermann,1
Management-Supporter,1
Medienverantwortlicher,1
Clinicien,1
Arzneimittel-Sicherheits-Manager,1
Saisonarbeiter,1
Schüler,1
Leiter der Holzbearbeitung,1
Schiffsmannagager,1
Verantwortlicher für positiven Einfluss,1
Case Manager,1
IT- Ingenieur,1
Netzmitarbeiter,1
Verkaufsfachmann,1
Transformationsexpert,1
ERP-Betreuer,1
Betriebsbuchhalter,1
Kapitän,1
Notenhändler,1
Rechnungsführer,1
Personalreferentin/Personalreferent,1
Chef de equipe,1
Kanzleimitarbeiter,1
Inhaltsproduzent,1
Psychomotortherapeut,1
Technische Assistenz,1
OP-Fachspezialist,1
Klassenassistent,1
Gesundheits- und Sicherheitsexperte,1
Export- und Import-Sachbearbeiterin,1
Schulsekretär,1
Methoden-Ingenieur,1
Nivellierer,1
Forstmitarbeiter,1
Systémiste,1
Abfallmanager,1
Holzeinkäufer,1
Anbauberater,1
Hauspersonal,1
LeiterInformatik,1
Leiter Qualität,1
System Engineer,1
Zahnmedizinische Technikerin/Zahnmedizinischer Techniker,1
Technischer Immobilienverwalter,1
Kadermitarbeiter,1
Leiter des Serviceteams,1
Personal- und Lohnbuchhalter,1
Mechanik-Ingenieur,1
Thermodynamiker,1
Nachhaltigkeitsberater,1
Mitarbeiterin/Mitarbeiter,1
Verleihmitarbeiter,1
Verwaltungschefin/Verwaltungschef,1
Einkaufs- und Verkaufsmitarbeiter,1
Operations-Controller,1
Kulinarik-Manager,1
Tiefbaupolier,1
Inhaltsschöpfer,1
Front Support Officer,1
Rechnungskläger,1
Software-Entwicklerin/Entwickler,1
Energiemesssteller,1
Leiter des Einzelhandels,1
Migrationsleiter,1
Rüster,1
Laserspezialist,1
Sécurité,1
Krankenpflegerin/Pfleger,1
Sicherheits- und Sterilitätsfachmann,1
IT-Operativ-Manager,1
Aufzugs-Servicetechniker,1
Einsatzsupport,1
AVOR-Fachmann,1
Mécanicien programmateur,1
Stewarding-Manager,1
Systemberater,1
Fondeur,1
Automobilfachfrau/Fachmann,1
Fallführender Mitarbeiter,1
Sécretaire médical,1
Layout-Engineer,1
RAI-Experte,1
Planificateur,1
Bereichsassistent,1
Arbeitsverwaltungskraft,1
Systemleiter,1
Fahrezugschlosser,1
Dentalassistent,1
Anlageplaner,1
Hotelservice-Mitarbeiterin,1
Umweltbeauftragter,1
Schienenfahrzeugführer,1
Dosimetrist,1
Automobilverkäufer,1
SRK-Begleitperson,1
Teilelogistiker,1
QHSE-Manager,1
Kaffee-Verkäufer,1
Wissenschaftlerin,1
Kaufmännische Auszubildende,1
Technischer Führer,1
Kita-Leiter,1
Schnuppertag Teilnehmer,1
Rettungsfahrer,1
Supply-Chain-Koordinator,1
Weinbau-Praktikant,1
Textiltechniker,1
Polymécanicien,1
Leiter der Zimmererarbeiten,1
Werkschutzspezialist,1
Fraisage-Experte,1
Depotleiter,1
Bäckereiassistent,1
Direktionsdelegierter,1
Bildungsberater,1
Test-Experte,1
Händlerbetreuer,1
Papiertechnologe,1
Marketing-Partnermanager,1
Arbeitsvorbereiterin,1
Kleidner,1
Schaller,1
Fer,1
Informatikkoordinator,1
Energiebewacher,1
Diensthundeführer,1
Suechsch,1
Instrumentenpfleger,1
Trainingspezialist,1
Energiedatenmanager,1
Rechtsreferendar,1
Alleinkoch,1
Datenpfleger,1
Werkstattleiterin,1
Lehrhelfer,1
Technischer Kaufmann/Frau,1
Ersatzteileverkäufer,1
Projektstart,1
Verfahrensleiter,1
Kalorifizierer,1
Service Mitarbeiter,1
Brandreiniger,1
Tourismusmitarbeiter,1
ERP-Entwickler,1
Rohrleitungsnetzmonteur,1
Konfektionsmitarbeiter,1
Management Assistant,1
MPA-OP-Fachperson,1
Reifenmechaniker,1
MPA oder FaGe,1
Facility Service Manager,1
Importmitarbeiter,1
IT-Sicherheits- und Netzwerkadministrator,1
Montagearbeiter,1
IT-Infrastruktur- Ingenieur,1
Datenanalyse- und Visualisierungsexpert,1
Famulant,1
Zweiradmechaniker,1
Anschläger,1
Rohrleger,1
Restaurantangestellter,1
Agent de maintenance,1
Unternehmensentwicklerin/Unternehmensentwickler,1
Station-Leiter,1
Gießereitechniker,1
Genesungsbegeleiter,1
Gastronomieexperte,1
Gruista,1
Klima-Kältetechniker,1
Schiffführer,1
Kundenservice-Mitarbeiterin,1
Leitender Kaufmann,1
Tourismusfachmann,1
Hygienefachfrau,1
Netzanschluss-Spezialist,1
Leiter Netzbau,1
Contact Center-Leiter,1
Angebotsingenieur,1
Technischer Außendienstmitarbeiter,1
Verkaufsleiterin/Verkaufsleiter,1
Familienbetreuer,1
Coltivatore,1
Haushälter,1
Schweisser und Programmierer,1
Töpfer,1
Anlagemanager,1
System- und Prozess-Spezialist,1
Materialplaner,1
Beschaffungsmanager,1
Kabelprüfer,1
Produkttechniker,1
Fassadenplaner,1
Dacharbeiter,1
Materiallogistiker,1
Kabelstranginstallateur,1
Luftfahrzeugtechniker,1
Apprenti-Chef,1
Rolladenmonteur,1
Gesundheitsverantwortlicher,1
Tiefbaurbeiter,1
Exportleiter,1
Kühlmonteur,1
HR-Supporter,1
HR-Generalist,1
Netzadministrator,1
Kochlehrling,1
Schulhelfer,1
Baubewilligungsexpertin,1
Médecin responsable,1
Metallurgie-Spezialist,1
Zahnmedizintechniker,1
Leiter Service und Technik,1
Winterdienstmitarbeiter,1
Kalibrierer,1
Diagnosticspezialist,1
Geschäftsstellenleiter,1
Netzwerk-Manager,1
Uhrenmonteurin,1
Regulatory Manager,1
Grafikdesigner,1
Produktarchitekt,1
Softwareentwicklerin,1
Dienstleistungsmechaniker,1
Immobilienentwickler,1
Schiffsbauer,1
Educationspezialist,1
Sozialpraktiker,1
Hydrauliktechniker,1
IT-Lösungsingenieur,1
Modistin/Modist,1
Aufsicht,1
Laborplaner,1
Installationstechniker,1
Raffinerie-Mitarbeiter,1
Rohrnetzüberwacher,1
Personalentwicklungs-Spezialist,1
Lernbegleiter,1
Solarspezialist,1
Kabelkonfektionär,1
Akquisitionsmanager,1
OP-Technikerin,1
TOA,1
Leiter Anlagenbauer,1
3D-Zeichner,1
Montagespezialist,1
Torfachmann,1
Gewerbekundenberater,1
Landwirtschaftlicher Hilfsarbeiter,1
Straßenreinigungskraft,1
Nachtreiniger,1
Change Manager,1
Technischer Maschinenführer,1
Versuchstechniker,1
Garnisseur,1
Soudeur,1
Maurerin,1
IT-Servicekoordinator,1
Guide de ski,1
Kurssekretär,1
Instandhaltungshelfer,1
Badewasserkontrolleur,1
LeiterIn,1
Laborleiterin/Laborleiter,1
Leiter eines Ladens,1
AVOR-Mitarbeiter,1
Ärztin/Arzt,1
Joker,1
Gesundheits- und Krankenpfleger,1
Diplom-Ingenieur,1
Pharmazeutische Praktikerin/Praktiker,1
Postulant,1
Auditmanager,1
Bühnenmechaniker,1
Diplomarbeit,1
Bahnbaumeister,1
Treppentechniker,1
Kulinarische Leitung,1
Laser-Maschinist,1
Führungskräftetrainer,1
Lasermaschinist,1
Krempen,1
IT-Unterstützer,1
Crewmitarbeiterin,1
Devops-Engineer,1
Kurierfachmann,1
Diplom-Betreuer,1
Chefbauleiter,1
Patentanwalt,1
Immobilienbewerterin,1
Kundencare-Agent,1
Parametrierer,1
Programmierleiter,1
Telemarketing-Spezialist,1
Formateur,1
Produkt-Support-Manager,1
Holzwerker,1
Économe,1
Zoll-Experte,1
Montage-Ingenieur,1
Bautenschutzfachmann,1
Pharmazeutischer Praktiker,1
Qualitätsinspektor,1
Eisenleger,1
Heiztechniker,1
Applikationsmanagerin,1
Kunststoffexperte,1
Technischer Disponent,1
Ersatzteillagerist,1
Dachabdichter,1
Qualifizierungs-Spezialist,1
Servicetechnikerleiter,1
Testplaner,1
Maschinen- oder Elektroingenieur,1
Patienten-Koordinator,1
Technischer Lehrer,1
Biomedizinische Analytikerin/Biomedizinischer Analytiker,1
AUXILIAIRE POLYVALENT,1
Netzwerkkonstrukteur,1
Anwendungssupporter,1
Technischer Support-Ingenieur,1
Immobilienverkäufer,1
Tutor,1
Leiter Nachverkauf,1
Härter,1
Pulverbeschichter,1
Gebäudeautomationstechniker,1
Sous-Chef,1
Transportplaner,1
Fraisage-Mitarbeiter,1
Mikromechaniker,1
Übersetzerassistent,1
Benutzer,1
Diagnose-Techniker,1
Produktdesigner,1
Sicherheitsanalystin,1
Technischer Service Manager,1
Reisebüroangestellter,1
Business Excellence Manager,1
Supply-Chain-Mitarbeiter,1
Mechanischer Ingenieur,1
Systemcontroller,1
Holzbaumonteur,1
Gypserei,1
Dokumentar,1
Dreher/Fräser,1
Wissensingenieur,1
Friseur/Friseuse,1
Kommunikationspartner,1
Integration-Architekt,1
Benevole,1
Feuerwehringenieur,1
Abnahmetechniker,1
Autoglastechniker,1
Dachdeckerassistent,1
Versorgungshelfer,1
Einkaufs-Assistent,1
Démonteur,1
HR-Fachverantwortlicher,1
Chirurgische Schwester,1
Ersatzteilleiter,1
Instrumentenexperte,1
LKW-Mechatroniker,1
Fachmann/Frau für Gleisanlagen,1
Sicherheitsmitarbeiterin,1
Mécanicien-monteur,1
CNC-Spezialist,1
Projektmanagerin,1
Logistik-Experte,1
Restaurationsfachmitarbeiter,1
Stabilitätsfachmann,1
Leiter Gesundheit,1
Garageleiter,1
Medizincontroller,1
Rettungsschwimmer,1
Bautreuhänder,1
Software- und Automationsingenieur,1
Modulbetreuer,1
Grütler,1
Ordnungsdienstspezialist,1
Streckenwärter,1
Arbeitsaggregat,1
Hardwareentwickler,1
Fertigungsspezialist,1
Fiberoptiker,1
Kundenprojektmanager,1
Türtechniker,1
Fleischverarbeitungskraft,1
Ergotherapeutin,1
Radfahrer,1
Prozessentwicklungsingenieur,1
Zulieferer-Unterstützer,1
Apprentice,1
Fachleiterin/Fachleiter,1
Kundenmaler,1
Notfallkoordinator,1
Galvanotechniker,1
Kabeltrassen-Spezialist,1
Flugzeugmaler,1
Metallbaufachmann,1
Medical Affairs Specialist,1
Controlling-Leiter,1
Baumitarbeiter,1
Abfüller,1
Kommunikationsfachfrau,1
Kaufmännischer Bewirtschafter,1
Dichter,1
Juristische Fachkraft,1
Workplace Engineer,1
Praxisunterstützung,1
Elektriker-zeichner,1
Fluglots,1
Fahrdienstleister,1
Nachteule,1
Bildungsfachmann,1
Power-Platform-Engineer,1
Technicien sanitaire,1
Marketingentwickler,1
Operatrice/Operateur,1
Klima-Techniker,1
Elektrikerin,1
Schalungsarbeiter,1
Kinder- und Jugendpsychiater,1
Coursier,1
Werkstoffingenieur,1
Qualitätsexperte,1
Sanitärprofi,1
Lösungs-Spezialist,1
AGS/PA,1
Operations-Fachfrau/Fachmann,1
Fernhandelsvertreter,1
Médecin chef de clinique,1
Elektrikerplaner,1
Pflegeman/Pflegewoman,1
Perioperativer Assistent,1
Kundenerat,1
Festangestellter,1
Keyaccountmanager,1
Immobilienmitarbeiter,1
AKP,1
Flexibler Mitarbeiter,1
Elektroprüfer,1
Lösungsmanager,1
Sicurezza-Inspektor,1
Infirmier chef adjoint,1
Reservationsmanager,1
Medizinstudent,1
Commercial,1
Fahrleitungsmonteur,1
Sozialkoordinator,1
Netzwerksicherheitsingenieur,1
Baukauffrau,1
Wartender,1
Versandleiter,1
Infirmier référent,1
Systemtechnologe,1
Restaurateur,1
Rechnungsbuchhalterin/Rechnungsbuchhalter,1
Pflegedolmetscher,1
Sanitärleiter,1
Forschungsärztin/Forschungsarzt,1
Arbeitsschutzspezialist,1
Aushilfe,1
Diplomierter Ingenieur,1
Assistante de Service de Soins Critiques,1
Gewerbetreuer,1
Holzbaufachmann,1
Gebietsverantwortlicher,1
Mécanicien-électricien,1
Bauer,1
Lüftungs- und Klimaanlagenbauer,1
Pferdefachfrau,1
Inhaltmanager,1
Pflegefachmann/Pflegfachfrau,1
Workshop-Techniker,1
Pompist,1
Arbeitsplatzberater,1
Dekolletageuer,1
Helferin,1
Equipenchef,1
Poissonnier,1
Taxichauffeur,1
Verladmitarbeiter,1
Déménageur,1
Schalungsbauer,1
Schreiner und Bodenleger,1
Metallurgische Konstrukteur,1
Daten-Sicherheitsberater,1
Assistante de soins de suite continue,1
Sozialversicherungsfachmann,1
Lieferantmanager,1
Briefbote,1
Postbote,1
Bauwerktrenner,1
Textilpfleger,1
Carrossier,1
Aftersales-Sachbearbeiter,1
Linoleumleger,1
Jugendbeauftragte/Jugendbeauftragter,1
Lieferkettenexperte,1
Fahrleitungs-Monteur,1
Sommeraushilfe,1
Schweißleiter,1
Kundendialog-Expertin,1
Brandschutzmonteur,1
Feldservicevertreter,1
Wäscherei- und Verwaltungskraft,1
Baufacharbeiter,1
Maler-Tapezierer,1
Systemfachmann,1
Schalungsleiter,1
Leiter ICT und Prozesse,1
Labormitarbeiter,1
Fleischer,1
Marketing-Direktor,1
Verpackungsingenieur,1
Spezialversorgungsspezialist,1
Croupier,1
Gleispolier,1
Verkehrskontrolleur,1
Gestalterin,1
Ophthalmologe,1
ERP-Consultant,1
Naturkosmetiker,1
Operationsmitarbeiter,1
Marketing- und Innovationsleiter,1
Expansionmanager,1
Mädchenhilfe,1
System- und Netzwerk-Administrator,1
Beschneider,1
Reifenlagerarbeiter,1
Informationstechniker,1
Verkehrsexpert,1
Industrieingenieur,1
Auszubildende/r,1
Briefsortierer,1
Idrologo,1
Sanitärservicemonteur,1
Kalibriertechniker,1
CNC-Machiner,1
Straßenmeister,1
Web-Publisher,1
Wissenschaftliche Mitarbeiterin,1
Logopédiste,1
Dokumentations- und Schulungsspezialist,1
Geoinformations-Spezialist,1
Stiftungsmanager,1
Makeup-Künstler,1
Speditionsexperte,1
Geometer,1
Shop-Leiter,1
Laborantin/Laborant,1
Schweissfachmann,1
Fleischverkäufer,1
Lichtspezialist,1
Distributor,1
Pilot,1
Abschlussarbeit,1
BMA,1
Radiologie-Assistent,1
Verkaufsführerin,1
Intensivpflegerin,1
Fenster-Monteur,1
Versorgungsketten-Assistent,1
Prozessoptimierer,1
Schreinermonteur,1
Reifenpraktikerin,1
Technischer Trainer,1
Gartenhelfer,1
Aide en Soins et Accompagnement,1
Gommageur,1
Fachgeschäftsführer,1
Medical Assistant,1
Strassentransportfachmann,1
Schräger,1
Maschinensachbearbeiter,1
Bauabdichter,1
Automatikerin,1
Berufstätiger,1
Solicitor,1
Isolationsfachmann,1
Giessereiarbeiter,1
Testassistent,1
Maurerleiter,1
Zivildienstler,1
Rettungssanität,1
Fieldservice-Manager,1
Service Manager,1
Collaborateur,1
Verniciatore,1
Assistent der Geschäftsleitung,1
S7-Spezialist,1
Bahnhofsekretärin,1
Elettromeccanico,1
Prophylaxeassistentin,1
Schalungstechniker,1
Deckenmonteur,1
Reifenfachfrau/Fachmann,1
Hilfszimmermann,1
Kranführerin,1
Gartenbauarbeiter,1
Uhrenassembler,1
Maschinenführerin,1
Ersatzteilspezialist,1
Wäscherei-Auszubildende,1
Wohngruppe,1
Metallbauerin,1
Communicant,1
Conseiller en prévention,1
Leiter einer Wohngruppe,1
Mittelwarenspezialist,1
Werkzeugexperte,1
Tankstellenleiter,1
Leiter PR,1
Arbeitsschutzfachperson,1
Gerüstbauerin,1
Allrounderin,1
Stromer,1
Servicepersonal,1
Boden-Parkettleger,1
Lieferkette-Verantwortlicher,1
Kfz-Techniker,1
Chirurgie-Student,1
Tailor,1
Grütierer,1
Busfachmann,1
Community-Manager,1
Rohrinstallateur,1
Reifenmonteurin,1
Pflegespezialist,1
Mechanik-Abteilungsleiter,1
Kundendienstassistent,1
Lackiererin,1
Polytechnikerin,1
Fußballer,1
Wartungsmechaniker,1
Infirmier en chef,1
Kanalwartungsteamleiter,1
Aussendiensttechniker,1
Controlling-Leiterin/Leiter,1
Bahnpersonal,1
Operation Manager,1
Sprach- und Leseförderer,1
Business Intelligence Engineer,1
Umschlagsmitarbeiter,1
IT-Strategiechef,1
Kundendispatcher,1
Regionale Leiter,1
Stagier,1
Prozessagent,1
Verdrahterin,1
Paketkurier,1
Lösungsspezialist,1
Traumatherapeut,1
Wissenschaftsschreiber,1
Wundmanager,1
Metrologist,1
Verkaufsteller,1
Initiativbewerber,1
Sagefemme,1
Prozess-Ingenieur,1
Forschender,1
Medienexperte,1
Fräserin,1
Digitalisierungsexperte,1
Personal-Spezialist,1
Anwärter,1
Méthodes d'usinage,1
Inbetriebnahme-Spezialist,1
Sprechstundenassistent,1
ERP-Projektleiter,1
Regionale Leitung,1
Kantinenmitarbeiter,1
Fachfrau/Pflegerin,1
Bauberater,1
Elektromonteure,1
Paketverteilmitarbeiter,1
Produktmanager-Assistent,1
Inspektionsleiter,1
Reinigungshelfer,1
Paketierer,1
Bahntechniker,1
Lagerexperte,1
Projektleiter-Assistent,1
Qualitätschef,1
Labor-Spezialist,1
Event-Organisator,1
Struktur-Ingenieur,1
Werkstattverwalter,1
Farbexperte,1
Holzberechnungskraft,1
Entwicklungs-Spezialist,1
Service Owner,1
Schadensbearbeiter,1
Tagmitarbeiter,1
Marketing- und Kommunikationsspezialist,1
Mischmeister,1
Klinikmanager,1
Antragsbearbeiter,1
Operations-Fachmann,1
Qualitätssystem-Ingenieur,1
Juristische Assistentin,1
Assistante de soins de santé communautaire,1
Warenwirtschaftsmitarbeiter,1
Flugzeugingenieur,1
Schulungs-Spezialist,1
Zügelhelfer,1
Strategiker,1
Instandsetzungstechniker,1
Facility Coordinator,1
Hebamme/Pflegefachperson,1
Dokumentations- und Qualitätsfachmann,1
Ersatzkraft,1
Terminalbetreuer,1
Lager- und Materialmanagement-Spezialist,1
Verwaltungsassistent,1
Kundensupportspezialistin,1
Bankettserviceleiter,1
Projektmanager und Programmierer,1
SAP-Anwender,1
Operationsfachperson,1
Hotelservice-Mitarbeiter,1
Pädiater-Assistenz,1
Arbeitsteilnehmer,1
Cluster-Leiter,1
Beratungscoach,1
Messingenieur,1
Schaltanlagen-Monteur,1
Inhaltsverantwortlicher,1
Fahrzeugwart,1
Virtualisierungstechniker,1
Klima-Ingenieur,1
Poseur de pierres,1
Software-Techniker,1
Kreativdesigner,1
Verteidigungsmanager,1
Anlagebetreuer,1
Netzbauer,1
Reifenwartungstechniker,1
Lernexperte,1
Müller,1
FABE,1
Systemtester,1
Pflegende Person,1
Kfz-Diagnostiker,1
Consultant,1
Kunststoffspezialist,1
Flugzeugabfertiger,1
Bahnhofassistentin,1
Kunstsekretärin,1
Nephrologe,1
Klinikkoordinatorin,1
Bahnhofassistent,1
Fernsehverkäufer,1
Hausdienstleiter,1
Schiffsstationär,1
Prozessfachman,1
Mechanikprofi,1
Arbeitsplatz-Manager,1
Barfrau,1
Data Engineer,1
Lüftungsspengler,1
Getränkeaufbereiter,1
Sicherheitsanalytiker,1
Versicherungsexpert,1
Führer,1
Schullehrer,1
Applikationsentwickler,1
Verkäufer und Servicetechniker,1
System-Validierungsmanager,1
Software-Entwicklungsingenieur,1
Datamanager,1
Kursverantwortliche,1
Montageassistent,1
Werktstattleiter,1
Metallurgist,1
Auftragsplaner,1
Scooter-Fahrer,1
Sanitärspengler,1
Kaffeespezialist,1
Praxismanager,1
Gleisschlosser,1
Kreativdirektor,1
Holzfäller,1
Glasfaser-Schweisser,1
Leasing-Spezialist,1
EDV-Mitarbeiter,1
Schneiderin,1
Innenausstatter,1
Formatore,1
S&OP-Manager,1
Fachpsychologe,1
Lean-Spezialist,1
Servicetechnikerin,1
Leiter Güterverkehr,1
Digitalisierungsmanager,1
Pflegeleiter,1
Aufwachraum-Leiter,1
Gestionnaire de lits,1
Technischer Operations-Experte,1
Patentassistent,1
Wellnessleiter,1
Restaurantassistent,1
UX-Spezialist,1
Wirtschaftsprüfer,1
Pikettdienstmitarbeiter,1
Schreiner und Zimmermann,1
Kanzleistütze,1
Wärmeplaner,1
Ersatzteilexperte,1
Ausbildungscontroller,1
Technischer Manager,1
Innovationmanager,1
Lehrlingsausbilder,1
Elektromobilitätsfachmann,1
Rohstoffaufbereiter,1
Ersatzteilmanger,1
Spüler,1
Schaler-Maurer,1
Pädagogische Assistentin,1
Sustainability-Manager,1
Ultraschallprüfer,1
Reifenfachmann/Frau,1
Diagnosetechniker,1
Warenwirtschaftlerin,1
Schreinerassistent,1
Materialprüfer,1
Pompier,1
Baumaschinenfuehrer,1
Montageverantwortlicher,1
Pflegerichtlinien-Referent,1
Industrieller Ingenieur,1
Verkaufsleiterin,1
Chefkoch,1
Volontär,1
Autoglas-Techniker,1
Anforderungsteller,1
Veranstaltungskoordinator,1
Logistikfachkraft,1
Möbelschrank,1
Lehrende/r,1
Berufsbildungsreferent,1
Umweltfachmann,1
Vernisseur,1
Maître socioprofessionnel,1
Überwachungsagent,1
LCA-Spezialist,1
Blumenverkäufer,1
Dokumentenfahrer,1
Multimedia-Produzent,1
Infrastrukturleiter,1
Patiententransporter,1
Cheffe,1
Planungsmitarbeiter,1
Technische Hilfskraft,1
Sandstrahler,1
Chef de Partie,1
Netzwerkplaner,1
Elektroanlageninstallateur,1
Projekt- und Freiwilligenkoordinator,1
Bâtimentier,1
Junge Berufstätige,1
Betonmischerfahrer,1
Baukauffrau/Baukaufmann,1
IT-Operator,1
Recycling-Mitarbeiter,1
Sortiererin,1
Verkaufsbeauftragte,1
Kaufmännische Allrounderin,1
Schalungs- und Formenbauer,1
Flugagent,1
Grünarbeiter,1
Praxisleiterin,1
Forschungsmitarbeiter,1
Elektrofachmann/Frau,1
Präsidentin/Präsident,1
Benutzungserfahrung-Spezialist,1
Fahrzeugfachmann,1
Injektionsmolder,1
Bahnmanager,1
Kordist,1
Medizinisch-technische Assistentin,1
Flachdachdecker,1
Löttechniker,1
Frigorist,1
Schaltanlagenbauer,1
Krankenpflegerin,1
Telekommunikationsfachmann,1
Prozessarchitekt,1
Mechaniktechniker,1
Schulungsmitarbeiter,1
Empfangschef,1
SAP-Logistik-Experte,1
Finanzassistent,1
Berufsbildungsmanager,1
Messemitarbeiter,1
Assistante médicale administrative,1
FaGe,1
Schulaufsichtsmitarbeiter,1
Abbruchmann,1
Verkaufs- und Support-Spezialist,1
Pharmaspezialist,1
Kulturverantwortlicher,1
Leiter eines administrativen Dienstes,1
Buchhalterin/Buchhalter,1
Plattform-Ingenieur,1
Risikobeurteiler,1
Basketballtrainer,1
FaGe-Einsatz,1
Operations-Manager,1
Chef d'équipe,1
Hebammenfrau,1
Hospizassistent,1
Weinfachberater,1
Infirmier Chef,1
Psychiatrie-Infirmier,1
Verwalter,1
Schrottplatzmitarbeiter,1
Fachkoordinator,1
Tankwagenfahrer,1
Projektierer,1
Verkaufsexpert,1
IT-Support-Mitarbeiter,1
Zimmerdienst,1
ASE/ASSC,1
Netzwerkingenieur,1
Baugesetzexperte,1
Gärtnerleiter,1
Programmiererassistent,1
Teilevertriebler,1
Fahrzeugverwalter,1
Gründer,1
Lkw-Mechatroniker,1
Regulierungsleiter,1
Event- und Servicemitarbeiter,1
Entwerfer,1
Demontageexperte,1
Maschinenautomatiker,1
Gartenmitarbeiter,1
Marketingkoordinator,1
Berufskonsulent,1
Dokumentationsprojektmanager,1
Layout-Designer,1
Produktsicherheitsbeauftragter,1
Tech-Lead,1
Geburtshelferin/Geburtshelfer,1
Marketing-Supporter,1
Tankrevisionstechniker,1
Betriebsverantwortlicher,1
Technologieexperte,1
Metallprofi,1
Verpackungskraft,1
Verpackungstechnologe,1
Influencer,1
Pädagogische Mitarbeiterin/Mitarbeiter,1
Regisseur,1
Kadranographiker,1
Kfz-Servicetechniker,1
Leiterin/Leiter des Produktbereichs,1
Netzwerk- und Systemexperte,1
Energiemanager,1
Zapponneur,1
Servicetechniker-Assistent,1
Disponentin/Disponent,1
Architecte,1
Kundenservice-Assistent,1
Wettbewerbsanalyst,1
Export- und Importmitarbeiter,1
Transportexperte,1
Bauingenieurstudent,1
Telematik-Mitarbeiter,1
Supervisor,1
Opérateur de centrale d'alarme,1
Elektronikentwickler,1
Verpacker,1
System-Ingenieur,1
Leiter medizinische Codierung,1
Batterieexperte,1
IT-Infrastruktur-Experte,1
Barmixer,1
Kleinspüler,1
Vermarktungsexpert,1
System- und Cloud-Engineer,1
Krankenhausfaktor,1
Ladendetektiv,1
IT-Fachmann/Frau,1
Baugipser,1
Raumkoordinator,1
Dienstkoordinator,1
Produkt-Ingenieur,1
Zivi,1
Radiologische Fachfrau,1
Dynamischer Ingenieur,1
Fahrzeugbetreuer,1
IT-Entwickler,1
Frachtführer,1
Pensionär,1
Medizinprodukte-Technologe,1
Additivtechniker,1
Verkaufs- und Fachtrainer,1
Dachzieher,1
Büro- und Personalmanager,1
Flottenbetreuer,1
Beziehungsmanager,1
Schaltanlagenfachmann,1
BI-Spezialist,1
Layouter,1
Logistikplaner,1
Automatikfachmann,1
Elektro-Sachbearbeiter,1
Angebotskalkulator,1
Werkstattkoordinator,1
IT-Fachkraft,1
Küchenberater,1
Arbeiterin,1
Leiter der Elektroarbeiten,1
Innendienst,1
Catering-Bewirtschaftung,1
Holzbaukonstrukteur,1
Koordinationsmitarbeiterin,1
Berufskonsultant,1
Bereichsmanager,1
Rädermechaniker,1
Kinderfrau,1
Rondier,1
Speditionskauffmann,1
Leiter der Produktion und Technik,1
Tourismus-Spezialist,1
Ärztliche Vertreterin,1
Fachvertreter,1
Fliesenleger,1
NIS-Berechner,1
Akquisitions-Spezialist,1
Zivildienstleister,1
Qualitätssicherungsmitarbeiter,1
Kanalreparateur,1
Plattformmanager,1
Haushelfer,1
Experte für Schaden- und Schadensschätzung,1
SAP-Administrator,1
Zimmerdienstleiter,1
Reisekoordinator,1
Baustellenreiniger,1
Logistik-Ingenieur,1
Fertigungssteuerer,1
Kühlspezialist,1
Videotechniker,1
Präventionsmitarbeiter,1
Patientenberater,1
Projektassistenz,1
Inbetriebnehmer,1
Zugangsverwalter,1
Pflegeassistenz,1
Secrétaire médical,1
Praktiker,1
Low-Code-Engineer,1
HR-Projektleiter,1
Montageworker,1
Netzspezialistin,1
Grützer,1
Regulatory Lead,1
Fundraising-Mitarbeiter,1
Chefin der Pflegedirektion,1
Experte für Schätzungen und Schäden,1
Schulassistent,1
Bürotechniker,1
Poolschwimmer,1
Studienbetreuer,1
Beamter,1
Pflegeprozessverantwortlicher,1
Chirurgische Fachkraft,1
Pflegerische Unterstützung,1
Notfallfachfrau/Fachmann,1
Marketing- und Kommunikationsmitarbeiter,1
Testleiter,1
Sitzverantwortlicher,1
Sonderpädagogin/Sonderpädagoge,1
Technikfachmann,1
Kaufmännische/r Mitarbeiter/in,1
Konstruktionsleiter,1
Arztleitung,1
Artisan,1
Anwendungsverwalter,1
Schreinerhilfskraft,1
Immobilienfachmann/Frau,1
Abfallplaner,1
Chef de service,1
Kundencenter-Leiter,1
Reiseveranstalter,1
Verwaltungsratsmitglied,1
Supportmitarbeiterin,1
Kundenerlebnismanager,1
Digital Transformation Expert,1
Tauchlehrer,1
Schichtmitarbeiter,1
Sichtkontrolleurin,1
Sportwissenschaftler,1
Schmelzer,1
Fahrdienstmitarbeiter,1
Exportkaufmann,1
Materialentwickler,1
Backmann,1
Fortbildungsmanager,1
Lehrmittelberater,1
Cloud-Manager,1
Nachtwache-Personal,1
Korrespondent,1
Uhrenbauer,1
E-Learning-Spezialist,1
Nachhaltigkeitsfachmann,1
CAD-Planer,1
Fallbearbeiter,1
Systemverantwortlicher,1
Getreidefachmann,1
Karosserietechniker,1
Suchdienstmitarbeiter,1
Schadensexperte,1
Notfallexpertin,1
Verkaufsverwalter,1
Technikerin,1
Recycling-Leiter,1
Stanzer,1
E-Business-Manager,1
Personalkoordinator,1
Aftersales-Leiter,1
Industriekaufmann,1
Hundeführer,1
Friseurleiter,1
Prozesssteuerungstechniker,1
IT-Systemtechniker,1
Fachkrankenschwester,1
Sozialpädagogin/Pflegefachfrau,1
Sommerjob,1
Haftpflichtexperte,1
Telefonberater,1
Leiter Aftersales,1
Computer-Visions-Engineer,1
Veranstaltungsassistent,1
Flottenverantwortliche,1
Kunststudent,1
Instandhalterin/Instandhalter,1
Gas-Spezialist,1
Unterhalter,1
HR-Partner,1
Fallverantwortlicher,1
Pflegedidaktiker,1
Transportingenieur,1
Fachfrau/Fachmann für Alters- und Pflegeheimhilfe,1
Servicefachfrau/Fachmann,1
IT-Performance-Engineer,1
Katalogverantwortlicher,1
Paketverlad,1
Personalanalyst,1
Beratungskraft,1
Fuhrparkverwalter,1
Schultherapeut,1
Spritzguss-Spezialist,1
Marketingfachmann,1
Rezeptionsmitarbeiter,1
Studierende,1
Schuhmachermeister,1
Operations-Support-Mitarbeiter,1
Qualitätssicherung,1
Bootbauer,1
Reiseplaner,1
Teammanager,1
Logistikverantwortlicher,1
Leiter des Servicepersonals,1
Visuelle Merchandisiererin,1
Ergonomie-Expert,1
Konferenzkoordinator,1
Regulatory Affairs Specialist,1
Terminierer,1
Infopoint-Sachbearbeiter,1
ERP-Integration-Manager,1
Montageprojektmanager,1
Datenbankentwicklerin/Datenbankentwickler,1
Rotorblatt-Spezialist,1
Barchef,1
Flachdachmonteur,1
Promoteur de santé,1
Demontagearbeiter,1
IT-Koordinator,1
Transportmanager,1
Sicherheits- und Gesundheits-Expert,1
Ersatzteileinkäufer,1
Heimleiter,1
Krisenmanager,1
Glasfasertechniker,1
Holzverkäufer,1
Stellvertretender Abteilungsleiter,1
Lieferkette-Koordinator,1
LeiterBerufsbildung,1
Notfall-Handwerker,1
Infektionspräventionsexpert,1
Landwirtschaftlicher Facharbeiter,1
 temporärer Mitarbeiter,1
Software-Packer,1
Kundendienstspezialist,1
Assureur,1
Servicefachperson,1
Wohnbereichsleiterin,1
Lichtberater,1
Therapiehundeführer,1
Agile Coach,1
Business Relationship Manager,1
Hallenchef,1
Pastoralagent,1
Fachausbildung,1
Fachfrau/Fachmann für Alterspflege,1
Familienangehöriger,1
Fachmann auf dem Gebiet der Milchproduktion,1
Backwerker,1
Service-Desk-Koordinator,1
Fitness-Instruktorin,1
Collaborateur pré-analytique,1
Baussekretärin,1
Marketingprofi,1
Landwirtschaftlicher Fachmitarbeiter,1
Rechtsfachmann,1
Handelsassistent,1
Sicherheitstechniker,1
Notariatssekretär,1
Inhaltsentwickler,1
Pflegehilfskraft,1
Pushbackfahrer,1
Mécanicien poids lourds,1
Ramp-Supervisor,1
Einsatzspezialist,1
Import-Koordinator,1
System-Unterstützer,1
Produktionsassistent,1
Gartenbauleiter,1
Datenmigrationspezialist,1
Pflegeteamleiter,1
Pflegebetreuer,1
Marketing-Sachbearbeiter,1
Prothetiker,1
Radar-Ingenieur,1
Dokumentationsleiter,1
Inventario-Experte,1
Verifizierer,1
Ordinationsfachmann,1
Kunstmitarbeiter,1
Pferdestallreiter,1
Automatisierungsverantwortlicher,1
Verantwortlicher für Änderungssteuerung,1
Ausbildungsverwaltung,1
Radiochemiker,1
Forschender Wissenschaftler,1
Eingliederungsberater,1
Nachhaltigkeitsmanagerin,1
Personalsachbearbeiter,1
Meisterlehre,1
Co-Stv,1
Kollektor,1
Fremdsprachiger Assistent,1
Facharbeiter/Fachfrau,1
Konfigurationsmanager,1
Berufswiedereinsteiger,1
Käsetheker,1
Fotograf,1
